test_size,kernel,gamma_label,gamma,classifier,components,sample_seed,n_train,n_test,accuracy,macro_f1,clf_seconds,kpca_seconds
0.2,rbf,0.001,0.001,LR,10,0,8268,2068,0.8873,0.1639,0.2,2.6
0.2,rbf,0.001,0.001,SGD,10,0,8268,2068,0.8922,0.2138,0.1,2.6
0.2,rbf,0.001,0.001,DT,10,0,8268,2068,0.9637,0.7404,0.2,2.6
0.2,rbf,0.001,0.001,RF,10,0,8268,2068,0.9739,0.7762,1.9,2.6
0.2,rbf,0.001,0.001,NB,10,0,8268,2068,0.8162,0.4168,0.0,2.6
0.2,rbf,0.001,0.001,KNN,10,0,8268,2068,0.9666,0.7691,0.0,2.6
0.2,rbf,0.001,0.001,SVM,10,0,8268,2068,0.9405,0.4789,0.9,2.6
0.2,rbf,0.005,0.005,LR,10,0,8268,2068,0.8912,0.1704,0.2,2.4
0.2,rbf,0.005,0.005,SGD,10,0,8268,2068,0.8917,0.1706,0.1,2.4
0.2,rbf,0.005,0.005,DT,10,0,8268,2068,0.9555,0.6996,0.2,2.4
0.2,rbf,0.005,0.005,RF,10,0,8268,2068,0.9734,0.7913,2.0,2.4
0.2,rbf,0.005,0.005,NB,10,0,8268,2068,0.8095,0.3886,0.0,2.4
0.2,rbf,0.005,0.005,KNN,10,0,8268,2068,0.9608,0.7138,0.0,2.4
0.2,rbf,0.005,0.005,SVM,10,0,8268,2068,0.925,0.3305,0.6,2.4
0.2,rbf,default,0.014492753623188406,LR,10,0,8268,2068,0.898,0.2008,0.2,2.5
0.2,rbf,default,0.014492753623188406,SGD,10,0,8268,2068,0.8849,0.1632,0.1,2.5
0.2,rbf,default,0.014492753623188406,DT,10,0,8268,2068,0.9526,0.6988,0.2,2.5
0.2,rbf,default,0.014492753623188406,RF,10,0,8268,2068,0.9666,0.744,2.3,2.5
0.2,rbf,default,0.014492753623188406,NB,10,0,8268,2068,0.7868,0.3745,0.0,2.5
0.2,rbf,default,0.014492753623188406,KNN,10,0,8268,2068,0.9574,0.7093,0.0,2.5
0.2,rbf,default,0.014492753623188406,SVM,10,0,8268,2068,0.9183,0.2469,0.8,2.5
0.2,rbf,0.05,0.05,LR,10,0,8268,2068,0.8835,0.1949,0.1,2.4
0.2,rbf,0.05,0.05,SGD,10,0,8268,2068,0.8864,0.1994,0.1,2.4
0.2,rbf,0.05,0.05,DT,10,0,8268,2068,0.9492,0.6933,0.2,2.4
0.2,rbf,0.05,0.05,RF,10,0,8268,2068,0.9652,0.7415,1.9,2.4
0.2,rbf,0.05,0.05,NB,10,0,8268,2068,0.6726,0.3025,0.0,2.4
0.2,rbf,0.05,0.05,KNN,10,0,8268,2068,0.9531,0.6313,0.0,2.4
0.2,rbf,0.05,0.05,SVM,10,0,8268,2068,0.9072,0.2495,0.8,2.4
0.2,rbf,0.1,0.1,LR,10,0,8268,2068,0.8622,0.1565,0.2,2.5
0.2,rbf,0.1,0.1,SGD,10,0,8268,2068,0.8661,0.1624,0.1,2.5
0.2,rbf,0.1,0.1,DT,10,0,8268,2068,0.9473,0.6378,0.2,2.5
0.2,rbf,0.1,0.1,RF,10,0,8268,2068,0.9574,0.7099,1.9,2.5
0.2,rbf,0.1,0.1,NB,10,0,8268,2068,0.602,0.3183,0.0,2.5
0.2,rbf,0.1,0.1,KNN,10,0,8268,2068,0.9429,0.6207,0.0,2.5
0.2,rbf,0.1,0.1,SVM,10,0,8268,2068,0.8762,0.3124,1.1,2.5
0.2,poly,0.001,0.001,LR,10,0,8268,2068,0.882,0.2403,0.3,1.7
0.2,poly,0.001,0.001,SGD,10,0,8268,2068,0.8854,0.2391,0.2,1.7
0.2,poly,0.001,0.001,DT,10,0,8268,2068,0.9715,0.7587,0.2,1.7
0.2,poly,0.001,0.001,RF,10,0,8268,2068,0.9821,0.8074,1.7,1.7
0.2,poly,0.001,0.001,NB,10,0,8268,2068,0.1402,0.2734,0.0,1.7
0.2,poly,0.001,0.001,KNN,10,0,8268,2068,0.956,0.7215,0.0,1.7
0.2,poly,0.001,0.001,SVM,10,0,8268,2068,0.8815,0.2269,1.0,1.7
0.2,poly,0.005,0.005,LR,10,0,8268,2068,0.8167,0.1786,0.4,1.7
0.2,poly,0.005,0.005,SGD,10,0,8268,2068,0.8433,0.2624,0.5,1.7
0.2,poly,0.005,0.005,DT,10,0,8268,2068,0.9603,0.7483,0.2,1.7
0.2,poly,0.005,0.005,RF,10,0,8268,2068,0.9763,0.7667,1.7,1.7
0.2,poly,0.005,0.005,NB,10,0,8268,2068,0.1301,0.2451,0.0,1.7
0.2,poly,0.005,0.005,KNN,10,0,8268,2068,0.9434,0.6524,0.0,1.7
0.2,poly,0.005,0.005,SVM,10,0,8268,2068,0.809,0.1337,1.1,1.7
0.2,poly,default,0.014492753623188406,LR,10,0,8268,2068,0.808,0.142,1.7,1.4
0.2,poly,default,0.014492753623188406,SGD,10,0,8268,2068,0.7974,0.1341,2.6,1.4
0.2,poly,default,0.014492753623188406,DT,10,0,8268,2068,0.883,0.5157,0.1,1.4
0.2,poly,default,0.014492753623188406,RF,10,0,8268,2068,0.9444,0.6212,1.6,1.4
0.2,poly,default,0.014492753623188406,NB,10,0,8268,2068,0.1049,0.2123,0.0,1.4
0.2,poly,default,0.014492753623188406,KNN,10,0,8268,2068,0.9376,0.6332,0.0,1.4
0.2,poly,default,0.014492753623188406,SVM,10,0,8268,2068,0.809,0.1337,1.4,1.4
0.2,poly,0.05,0.05,LR,10,0,8268,2068,0.8361,0.2109,4.3,1.5
0.2,poly,0.05,0.05,SGD,10,0,8268,2068,0.8032,0.1357,2.0,1.5
0.2,poly,0.05,0.05,DT,10,0,8268,2068,0.7926,0.3725,0.1,1.5
0.2,poly,0.05,0.05,RF,10,0,8268,2068,0.9067,0.4038,1.4,1.5
0.2,poly,0.05,0.05,NB,10,0,8268,2068,0.0938,0.221,0.0,1.5
0.2,poly,0.05,0.05,KNN,10,0,8268,2068,0.9183,0.5842,0.1,1.5
0.2,poly,0.05,0.05,SVM,10,0,8268,2068,0.809,0.1337,1.2,1.5
0.2,poly,0.1,0.1,LR,10,0,8268,2068,0.8404,0.2182,5.7,1.6
0.2,poly,0.1,0.1,SGD,10,0,8268,2068,0.0024,0.0003,1.3,1.6
0.2,poly,0.1,0.1,DT,10,0,8268,2068,0.8283,0.4078,0.2,1.6
0.2,poly,0.1,0.1,RF,10,0,8268,2068,0.9081,0.4435,1.6,1.6
0.2,poly,0.1,0.1,NB,10,0,8268,2068,0.0928,0.2197,0.0,1.6
0.2,poly,0.1,0.1,KNN,10,0,8268,2068,0.927,0.6009,0.0,1.6
0.2,poly,0.1,0.1,SVM,10,0,8268,2068,0.809,0.1337,1.6,1.6
0.2,sigmoid,0.001,0.001,LR,10,0,8268,2068,0.8762,0.1468,0.2,1.9
0.2,sigmoid,0.001,0.001,SGD,10,0,8268,2068,0.882,0.1556,0.1,1.9
0.2,sigmoid,0.001,0.001,DT,10,0,8268,2068,0.9676,0.7647,0.2,1.9
0.2,sigmoid,0.001,0.001,RF,10,0,8268,2068,0.9782,0.791,1.9,1.9
0.2,sigmoid,0.001,0.001,NB,10,0,8268,2068,0.8095,0.448,0.0,1.9
0.2,sigmoid,0.001,0.001,KNN,10,0,8268,2068,0.9681,0.763,0.0,1.9
0.2,sigmoid,0.001,0.001,SVM,10,0,8268,2068,0.941,0.5089,1.0,1.9
0.2,sigmoid,0.005,0.005,LR,10,0,8268,2068,0.8883,0.1649,0.2,1.6
0.2,sigmoid,0.005,0.005,SGD,10,0,8268,2068,0.8835,0.1577,0.1,1.6
0.2,sigmoid,0.005,0.005,DT,10,0,8268,2068,0.9739,0.7649,0.2,1.6
0.2,sigmoid,0.005,0.005,RF,10,0,8268,2068,0.9773,0.7929,2.0,1.6
0.2,sigmoid,0.005,0.005,NB,10,0,8268,2068,0.8612,0.4445,0.0,1.6
0.2,sigmoid,0.005,0.005,KNN,10,0,8268,2068,0.9691,0.7648,0.0,1.6
0.2,sigmoid,0.005,0.005,SVM,10,0,8268,2068,0.9357,0.4976,0.7,1.6
0.2,sigmoid,default,0.014492753623188406,LR,10,0,8268,2068,0.9004,0.2057,0.2,1.6
0.2,sigmoid,default,0.014492753623188406,SGD,10,0,8268,2068,0.8922,0.1897,0.1,1.6
0.2,sigmoid,default,0.014492753623188406,DT,10,0,8268,2068,0.9637,0.7198,0.2,1.6
0.2,sigmoid,default,0.014492753623188406,RF,10,0,8268,2068,0.9768,0.8024,2.0,1.6
0.2,sigmoid,default,0.014492753623188406,NB,10,0,8268,2068,0.8999,0.5444,0.0,1.6
0.2,sigmoid,default,0.014492753623188406,KNN,10,0,8268,2068,0.9632,0.746,0.0,1.6
0.2,sigmoid,default,0.014492753623188406,SVM,10,0,8268,2068,0.942,0.5114,0.7,1.6
0.2,sigmoid,0.05,0.05,LR,10,0,8268,2068,0.8951,0.2812,0.2,2.0
0.2,sigmoid,0.05,0.05,SGD,10,0,8268,2068,0.898,0.2671,0.1,2.0
0.2,sigmoid,0.05,0.05,DT,10,0,8268,2068,0.9637,0.7378,0.3,2.0
0.2,sigmoid,0.05,0.05,RF,10,0,8268,2068,0.9773,0.7982,2.1,2.0
0.2,sigmoid,0.05,0.05,NB,10,0,8268,2068,0.8723,0.5468,0.0,2.0
0.2,sigmoid,0.05,0.05,KNN,10,0,8268,2068,0.9632,0.7711,0.1,2.0
0.2,sigmoid,0.05,0.05,SVM,10,0,8268,2068,0.9449,0.6223,0.7,2.0
0.2,sigmoid,0.1,0.1,LR,10,0,8268,2068,0.9028,0.338,0.2,1.9
0.2,sigmoid,0.1,0.1,SGD,10,0,8268,2068,0.883,0.1905,0.1,1.9
0.2,sigmoid,0.1,0.1,DT,10,0,8268,2068,0.9628,0.7783,0.2,1.9
0.2,sigmoid,0.1,0.1,RF,10,0,8268,2068,0.9749,0.7913,2.3,1.9
0.2,sigmoid,0.1,0.1,NB,10,0,8268,2068,0.8781,0.5319,0.0,1.9
0.2,sigmoid,0.1,0.1,KNN,10,0,8268,2068,0.9618,0.7567,0.1,1.9
0.2,sigmoid,0.1,0.1,SVM,10,0,8268,2068,0.9439,0.6332,0.6,1.9
0.2,rbf,0.001,0.001,LR,15,0,8268,2068,0.8941,0.2645,0.2,3.2
0.2,rbf,0.001,0.001,SGD,15,0,8268,2068,0.8965,0.252,0.1,3.2
0.2,rbf,0.001,0.001,DT,15,0,8268,2068,0.9676,0.7458,0.3,3.2
0.2,rbf,0.001,0.001,RF,15,0,8268,2068,0.9749,0.7764,2.5,3.2
0.2,rbf,0.001,0.001,NB,15,0,8268,2068,0.7481,0.4439,0.0,3.2
0.2,rbf,0.001,0.001,KNN,15,0,8268,2068,0.9662,0.7507,0.1,3.2
0.2,rbf,0.001,0.001,SVM,15,0,8268,2068,0.9342,0.4911,1.0,3.2
0.2,rbf,0.005,0.005,LR,15,0,8268,2068,0.9134,0.2755,0.2,2.8
0.2,rbf,0.005,0.005,SGD,15,0,8268,2068,0.9163,0.2776,0.1,2.8
0.2,rbf,0.005,0.005,DT,15,0,8268,2068,0.9574,0.7085,0.4,2.8
0.2,rbf,0.005,0.005,RF,15,0,8268,2068,0.9753,0.7955,2.2,2.8
0.2,rbf,0.005,0.005,NB,15,0,8268,2068,0.8046,0.4874,0.0,2.8
0.2,rbf,0.005,0.005,KNN,15,0,8268,2068,0.9618,0.7231,0.0,2.8
0.2,rbf,0.005,0.005,SVM,15,0,8268,2068,0.9362,0.3755,0.6,2.8
0.2,rbf,default,0.014492753623188406,LR,15,0,8268,2068,0.9091,0.2141,0.2,2.8
0.2,rbf,default,0.014492753623188406,SGD,15,0,8268,2068,0.9062,0.2232,0.1,2.8
0.2,rbf,default,0.014492753623188406,DT,15,0,8268,2068,0.9637,0.7323,0.4,2.8
0.2,rbf,default,0.014492753623188406,RF,15,0,8268,2068,0.971,0.7701,2.3,2.8
0.2,rbf,default,0.014492753623188406,NB,15,0,8268,2068,0.7853,0.4173,0.0,2.8
0.2,rbf,default,0.014492753623188406,KNN,15,0,8268,2068,0.9589,0.7112,0.0,2.8
0.2,rbf,default,0.014492753623188406,SVM,15,0,8268,2068,0.9289,0.2646,0.9,2.8
0.2,rbf,0.05,0.05,LR,15,0,8268,2068,0.9014,0.2098,0.1,2.6
0.2,rbf,0.05,0.05,SGD,15,0,8268,2068,0.9028,0.2124,0.1,2.6
0.2,rbf,0.05,0.05,DT,15,0,8268,2068,0.9565,0.702,0.3,2.6
0.2,rbf,0.05,0.05,RF,15,0,8268,2068,0.9647,0.7323,2.0,2.6
0.2,rbf,0.05,0.05,NB,15,0,8268,2068,0.7171,0.3628,0.0,2.6
0.2,rbf,0.05,0.05,KNN,15,0,8268,2068,0.9555,0.6392,0.0,2.6
0.2,rbf,0.05,0.05,SVM,15,0,8268,2068,0.9139,0.3276,0.9,2.6
0.2,rbf,0.1,0.1,LR,15,0,8268,2068,0.8936,0.2026,0.2,2.9
0.2,rbf,0.1,0.1,SGD,15,0,8268,2068,0.8985,0.2083,0.2,2.9
0.2,rbf,0.1,0.1,DT,15,0,8268,2068,0.9502,0.6661,0.3,2.9
0.2,rbf,0.1,0.1,RF,15,0,8268,2068,0.9579,0.7147,2.0,2.9
0.2,rbf,0.1,0.1,NB,15,0,8268,2068,0.6499,0.3424,0.0,2.9
0.2,rbf,0.1,0.1,KNN,15,0,8268,2068,0.9425,0.6066,0.0,2.9
0.2,rbf,0.1,0.1,SVM,15,0,8268,2068,0.9081,0.3376,1.1,2.9
0.2,poly,0.001,0.001,LR,15,0,8268,2068,0.8849,0.2623,0.3,1.7
0.2,poly,0.001,0.001,SGD,15,0,8268,2068,0.8815,0.2272,0.2,1.7
0.2,poly,0.001,0.001,DT,15,0,8268,2068,0.9782,0.8089,0.3,1.7
0.2,poly,0.001,0.001,RF,15,0,8268,2068,0.986,0.8162,1.8,1.7
0.2,poly,0.001,0.001,NB,15,0,8268,2068,0.1446,0.2684,0.0,1.7
0.2,poly,0.001,0.001,KNN,15,0,8268,2068,0.9628,0.7433,0.1,1.7
0.2,poly,0.001,0.001,SVM,15,0,8268,2068,0.8859,0.2396,1.3,1.7
0.2,poly,0.005,0.005,LR,15,0,8268,2068,0.8839,0.2786,0.5,1.6
0.2,poly,0.005,0.005,SGD,15,0,8268,2068,0.8864,0.3325,0.6,1.6
0.2,poly,0.005,0.005,DT,15,0,8268,2068,0.9671,0.7821,0.3,1.6
0.2,poly,0.005,0.005,RF,15,0,8268,2068,0.9807,0.7826,1.7,1.6
0.2,poly,0.005,0.005,NB,15,0,8268,2068,0.1422,0.2993,0.0,1.6
0.2,poly,0.005,0.005,KNN,15,0,8268,2068,0.9599,0.7299,0.0,1.6
0.2,poly,0.005,0.005,SVM,15,0,8268,2068,0.8622,0.1883,1.4,1.6
0.2,poly,default,0.014492753623188406,LR,15,0,8268,2068,0.8796,0.2768,1.6,1.8
0.2,poly,default,0.014492753623188406,SGD,15,0,8268,2068,0.8332,0.1919,4.0,1.8
0.2,poly,default,0.014492753623188406,DT,15,0,8268,2068,0.9381,0.7134,0.3,1.8
0.2,poly,default,0.014492753623188406,RF,15,0,8268,2068,0.9526,0.6819,1.7,1.8
0.2,poly,default,0.014492753623188406,NB,15,0,8268,2068,0.1402,0.2784,0.0,1.8
0.2,poly,default,0.014492753623188406,KNN,15,0,8268,2068,0.9531,0.7144,0.1,1.8
0.2,poly,default,0.014492753623188406,SVM,15,0,8268,2068,0.8332,0.1575,1.4,1.8
0.2,poly,0.05,0.05,LR,15,0,8268,2068,0.8815,0.3204,4.1,1.8
0.2,poly,0.05,0.05,SGD,15,0,8268,2068,0.8564,0.2387,2.9,1.8
0.2,poly,0.05,0.05,DT,15,0,8268,2068,0.8419,0.5033,0.2,1.8
0.2,poly,0.05,0.05,RF,15,0,8268,2068,0.9105,0.4668,1.6,1.8
0.2,poly,0.05,0.05,NB,15,0,8268,2068,0.0962,0.2112,0.0,1.8
0.2,poly,0.05,0.05,KNN,15,0,8268,2068,0.9429,0.7189,0.1,1.8
0.2,poly,0.05,0.05,SVM,15,0,8268,2068,0.808,0.1207,1.5,1.8
0.2,poly,0.1,0.1,LR,15,0,8268,2068,0.883,0.3026,7.8,1.7
0.2,poly,0.1,0.1,SGD,15,0,8268,2068,0.0024,0.0169,1.4,1.7
0.2,poly,0.1,0.1,DT,15,0,8268,2068,0.8486,0.4293,0.2,1.7
0.2,poly,0.1,0.1,RF,15,0,8268,2068,0.9163,0.4512,1.5,1.7
0.2,poly,0.1,0.1,NB,15,0,8268,2068,0.0938,0.2135,0.0,1.7
0.2,poly,0.1,0.1,KNN,15,0,8268,2068,0.9396,0.7278,0.1,1.7
0.2,poly,0.1,0.1,SVM,15,0,8268,2068,0.808,0.1207,1.1,1.7
0.2,sigmoid,0.001,0.001,LR,15,0,8268,2068,0.8835,0.1608,0.2,1.6
0.2,sigmoid,0.001,0.001,SGD,15,0,8268,2068,0.8907,0.169,0.1,1.6
0.2,sigmoid,0.001,0.001,DT,15,0,8268,2068,0.97,0.7877,0.3,1.6
0.2,sigmoid,0.001,0.001,RF,15,0,8268,2068,0.9797,0.7918,1.8,1.6
0.2,sigmoid,0.001,0.001,NB,15,0,8268,2068,0.853,0.5184,0.0,1.6
0.2,sigmoid,0.001,0.001,KNN,15,0,8268,2068,0.97,0.7718,0.0,1.6
0.2,sigmoid,0.001,0.001,SVM,15,0,8268,2068,0.9352,0.4991,0.7,1.6
0.2,sigmoid,0.005,0.005,LR,15,0,8268,2068,0.8946,0.1742,0.2,1.5
0.2,sigmoid,0.005,0.005,SGD,15,0,8268,2068,0.897,0.2314,0.1,1.5
0.2,sigmoid,0.005,0.005,DT,15,0,8268,2068,0.9734,0.7805,0.3,1.5
0.2,sigmoid,0.005,0.005,RF,15,0,8268,2068,0.9802,0.7897,1.9,1.5
0.2,sigmoid,0.005,0.005,NB,15,0,8268,2068,0.8032,0.5112,0.0,1.5
0.2,sigmoid,0.005,0.005,KNN,15,0,8268,2068,0.97,0.763,0.0,1.5
0.2,sigmoid,0.005,0.005,SVM,15,0,8268,2068,0.9439,0.5143,0.7,1.5
0.2,sigmoid,default,0.014492753623188406,LR,15,0,8268,2068,0.913,0.2965,0.2,1.7
0.2,sigmoid,default,0.014492753623188406,SGD,15,0,8268,2068,0.911,0.2744,0.1,1.7
0.2,sigmoid,default,0.014492753623188406,DT,15,0,8268,2068,0.9647,0.7404,0.3,1.7
0.2,sigmoid,default,0.014492753623188406,RF,15,0,8268,2068,0.9797,0.7957,1.9,1.7
0.2,sigmoid,default,0.014492753623188406,NB,15,0,8268,2068,0.8839,0.5735,0.0,1.7
0.2,sigmoid,default,0.014492753623188406,KNN,15,0,8268,2068,0.9695,0.767,0.0,1.7
0.2,sigmoid,default,0.014492753623188406,SVM,15,0,8268,2068,0.9512,0.5845,0.6,1.7
0.2,sigmoid,0.05,0.05,LR,15,0,8268,2068,0.9043,0.3335,0.1,2.0
0.2,sigmoid,0.05,0.05,SGD,15,0,8268,2068,0.9018,0.2624,0.1,2.0
0.2,sigmoid,0.05,0.05,DT,15,0,8268,2068,0.9642,0.7358,0.3,2.0
0.2,sigmoid,0.05,0.05,RF,15,0,8268,2068,0.9807,0.8065,2.1,2.0
0.2,sigmoid,0.05,0.05,NB,15,0,8268,2068,0.869,0.5776,0.0,2.0
0.2,sigmoid,0.05,0.05,KNN,15,0,8268,2068,0.9686,0.7805,0.0,2.0
0.2,sigmoid,0.05,0.05,SVM,15,0,8268,2068,0.956,0.6418,0.6,2.0
0.2,sigmoid,0.1,0.1,LR,15,0,8268,2068,0.912,0.389,0.2,2.2
0.2,sigmoid,0.1,0.1,SGD,15,0,8268,2068,0.9023,0.2504,0.1,2.2
0.2,sigmoid,0.1,0.1,DT,15,0,8268,2068,0.9691,0.8095,0.3,2.2
0.2,sigmoid,0.1,0.1,RF,15,0,8268,2068,0.9792,0.7976,2.0,2.2
0.2,sigmoid,0.1,0.1,NB,15,0,8268,2068,0.867,0.5522,0.0,2.2
0.2,sigmoid,0.1,0.1,KNN,15,0,8268,2068,0.9662,0.7654,0.0,2.2
0.2,sigmoid,0.1,0.1,SVM,15,0,8268,2068,0.956,0.6443,0.8,2.2
0.4,rbf,0.001,0.001,LR,10,0,6201,4135,0.8788,0.154,0.1,1.9
0.4,rbf,0.001,0.001,SGD,10,0,6201,4135,0.8786,0.1543,0.1,1.9
0.4,rbf,0.001,0.001,DT,10,0,6201,4135,0.9589,0.7329,0.1,1.9
0.4,rbf,0.001,0.001,RF,10,0,6201,4135,0.9707,0.7889,1.5,1.9
0.4,rbf,0.001,0.001,NB,10,0,6201,4135,0.8051,0.4132,0.0,1.9
0.4,rbf,0.001,0.001,KNN,10,0,6201,4135,0.9601,0.7636,0.0,1.9
0.4,rbf,0.001,0.001,SVM,10,0,6201,4135,0.9306,0.4726,0.8,1.9
0.4,rbf,0.005,0.005,LR,10,0,6201,4135,0.8851,0.1641,0.1,1.7
0.4,rbf,0.005,0.005,SGD,10,0,6201,4135,0.8856,0.1646,0.1,1.7
0.4,rbf,0.005,0.005,DT,10,0,6201,4135,0.9499,0.6628,0.1,1.7
0.4,rbf,0.005,0.005,RF,10,0,6201,4135,0.9676,0.7697,1.5,1.7
0.4,rbf,0.005,0.005,NB,10,0,6201,4135,0.808,0.4371,0.0,1.7
0.4,rbf,0.005,0.005,KNN,10,0,6201,4135,0.9548,0.7268,0.0,1.7
0.4,rbf,0.005,0.005,SVM,10,0,6201,4135,0.9183,0.312,0.6,1.7
0.4,rbf,default,0.014492753623188406,LR,10,0,6201,4135,0.8909,0.1919,0.1,1.7
0.4,rbf,default,0.014492753623188406,SGD,10,0,6201,4135,0.8808,0.1585,0.1,1.7
0.4,rbf,default,0.014492753623188406,DT,10,0,6201,4135,0.9533,0.7205,0.1,1.7
0.4,rbf,default,0.014492753623188406,RF,10,0,6201,4135,0.9632,0.7577,1.7,1.7
0.4,rbf,default,0.014492753623188406,NB,10,0,6201,4135,0.7898,0.3749,0.0,1.7
0.4,rbf,default,0.014492753623188406,KNN,10,0,6201,4135,0.9511,0.7019,0.0,1.7
0.4,rbf,default,0.014492753623188406,SVM,10,0,6201,4135,0.9112,0.2169,0.7,1.7
0.4,rbf,0.05,0.05,LR,10,0,6201,4135,0.8675,0.1774,0.1,1.7
0.4,rbf,0.05,0.05,SGD,10,0,6201,4135,0.8701,0.1846,0.1,1.7
0.4,rbf,0.05,0.05,DT,10,0,6201,4135,0.9514,0.685,0.1,1.7
0.4,rbf,0.05,0.05,RF,10,0,6201,4135,0.9623,0.7166,1.5,1.7
0.4,rbf,0.05,0.05,NB,10,0,6201,4135,0.6849,0.31,0.0,1.7
0.4,rbf,0.05,0.05,KNN,10,0,6201,4135,0.9461,0.6597,0.0,1.7
0.4,rbf,0.05,0.05,SVM,10,0,6201,4135,0.8979,0.2645,0.6,1.7
0.4,rbf,0.1,0.1,LR,10,0,6201,4135,0.852,0.1477,0.1,1.7
0.4,rbf,0.1,0.1,SGD,10,0,6201,4135,0.8588,0.1562,0.1,1.7
0.4,rbf,0.1,0.1,DT,10,0,6201,4135,0.9417,0.6435,0.1,1.7
0.4,rbf,0.1,0.1,RF,10,0,6201,4135,0.9519,0.6517,1.4,1.7
0.4,rbf,0.1,0.1,NB,10,0,6201,4135,0.5879,0.3272,0.0,1.7
0.4,rbf,0.1,0.1,KNN,10,0,6201,4135,0.9371,0.5961,0.0,1.7
0.4,rbf,0.1,0.1,SVM,10,0,6201,4135,0.8646,0.245,0.8,1.7
0.4,poly,0.001,0.001,LR,10,0,6201,4135,0.8808,0.2603,0.1,1.1
0.4,poly,0.001,0.001,SGD,10,0,6201,4135,0.88,0.1878,0.1,1.1
0.4,poly,0.001,0.001,DT,10,0,6201,4135,0.9642,0.7346,0.1,1.1
0.4,poly,0.001,0.001,RF,10,0,6201,4135,0.977,0.7973,1.3,1.1
0.4,poly,0.001,0.001,NB,10,0,6201,4135,0.1775,0.2946,0.0,1.1
0.4,poly,0.001,0.001,KNN,10,0,6201,4135,0.9482,0.6729,0.0,1.1
0.4,poly,0.001,0.001,SVM,10,0,6201,4135,0.8791,0.2095,0.8,1.1
0.4,poly,0.005,0.005,LR,10,0,6201,4135,0.8699,0.2472,0.2,1.1
0.4,poly,0.005,0.005,SGD,10,0,6201,4135,0.8711,0.2342,0.5,1.1
0.4,poly,0.005,0.005,DT,10,0,6201,4135,0.9613,0.723,0.1,1.1
0.4,poly,0.005,0.005,RF,10,0,6201,4135,0.9739,0.7777,1.4,1.1
0.4,poly,0.005,0.005,NB,10,0,6201,4135,0.1289,0.2717,0.0,1.1
0.4,poly,0.005,0.005,KNN,10,0,6201,4135,0.9456,0.6831,0.0,1.1
0.4,poly,0.005,0.005,SVM,10,0,6201,4135,0.8513,0.1675,0.9,1.1
0.4,poly,default,0.014492753623188406,LR,10,0,6201,4135,0.8099,0.1497,1.4,1.0
0.4,poly,default,0.014492753623188406,SGD,10,0,6201,4135,0.7923,0.158,1.6,1.0
0.4,poly,default,0.014492753623188406,DT,10,0,6201,4135,0.9449,0.6768,0.1,1.0
0.4,poly,default,0.014492753623188406,RF,10,0,6201,4135,0.9632,0.7667,1.3,1.0
0.4,poly,default,0.014492753623188406,NB,10,0,6201,4135,0.1037,0.2433,0.0,1.0
0.4,poly,default,0.014492753623188406,KNN,10,0,6201,4135,0.942,0.6261,0.0,1.0
0.4,poly,default,0.014492753623188406,SVM,10,0,6201,4135,0.808,0.1167,0.9,1.0
0.4,poly,0.05,0.05,LR,10,0,6201,4135,0.8329,0.1941,3.8,1.0
0.4,poly,0.05,0.05,SGD,10,0,6201,4135,0.0104,0.0295,1.2,1.0
0.4,poly,0.05,0.05,DT,10,0,6201,4135,0.8938,0.534,0.1,1.0
0.4,poly,0.05,0.05,RF,10,0,6201,4135,0.9079,0.4951,1.2,1.0
0.4,poly,0.05,0.05,NB,10,0,6201,4135,0.0948,0.2395,0.0,1.0
0.4,poly,0.05,0.05,KNN,10,0,6201,4135,0.9301,0.596,0.0,1.0
0.4,poly,0.05,0.05,SVM,10,0,6201,4135,0.8087,0.139,0.9,1.0
0.4,poly,0.1,0.1,LR,10,0,6201,4135,0.8351,0.2924,1.7,1.0
0.4,poly,0.1,0.1,SGD,10,0,6201,4135,0.0056,0.082,0.4,1.0
0.4,poly,0.1,0.1,DT,10,0,6201,4135,0.9071,0.5512,0.1,1.0
0.4,poly,0.1,0.1,RF,10,0,6201,4135,0.9335,0.5206,1.3,1.0
0.4,poly,0.1,0.1,NB,10,0,6201,4135,0.0933,0.2406,0.0,1.0
0.4,poly,0.1,0.1,KNN,10,0,6201,4135,0.9345,0.6059,0.1,1.0
0.4,poly,0.1,0.1,SVM,10,0,6201,4135,0.8087,0.139,0.9,1.0
0.4,sigmoid,0.001,0.001,LR,10,0,6201,4135,0.8709,0.1415,0.1,1.0
0.4,sigmoid,0.001,0.001,SGD,10,0,6201,4135,0.875,0.1486,0.1,1.0
0.4,sigmoid,0.001,0.001,DT,10,0,6201,4135,0.9635,0.7796,0.1,1.0
0.4,sigmoid,0.001,0.001,RF,10,0,6201,4135,0.9741,0.8031,1.3,1.0
0.4,sigmoid,0.001,0.001,NB,10,0,6201,4135,0.799,0.4858,0.0,1.0
0.4,sigmoid,0.001,0.001,KNN,10,0,6201,4135,0.9625,0.7622,0.0,1.0
0.4,sigmoid,0.001,0.001,SVM,10,0,6201,4135,0.9306,0.4903,0.7,1.0
0.4,sigmoid,0.005,0.005,LR,10,0,6201,4135,0.8803,0.1562,0.1,1.0
0.4,sigmoid,0.005,0.005,SGD,10,0,6201,4135,0.8803,0.1818,0.1,1.0
0.4,sigmoid,0.005,0.005,DT,10,0,6201,4135,0.9613,0.7415,0.1,1.0
0.4,sigmoid,0.005,0.005,RF,10,0,6201,4135,0.9751,0.7973,1.4,1.0
0.4,sigmoid,0.005,0.005,NB,10,0,6201,4135,0.8658,0.4903,0.0,1.0
0.4,sigmoid,0.005,0.005,KNN,10,0,6201,4135,0.9618,0.7522,0.0,1.0
0.4,sigmoid,0.005,0.005,SVM,10,0,6201,4135,0.9291,0.4772,0.6,1.0
0.4,sigmoid,default,0.014492753623188406,LR,10,0,6201,4135,0.8909,0.1918,0.1,1.1
0.4,sigmoid,default,0.014492753623188406,SGD,10,0,6201,4135,0.8866,0.1914,0.1,1.1
0.4,sigmoid,default,0.014492753623188406,DT,10,0,6201,4135,0.9574,0.7566,0.1,1.1
0.4,sigmoid,default,0.014492753623188406,RF,10,0,6201,4135,0.9717,0.7694,1.5,1.1
0.4,sigmoid,default,0.014492753623188406,NB,10,0,6201,4135,0.9016,0.5689,0.0,1.1
0.4,sigmoid,default,0.014492753623188406,KNN,10,0,6201,4135,0.9586,0.7388,0.0,1.1
0.4,sigmoid,default,0.014492753623188406,SVM,10,0,6201,4135,0.926,0.494,0.6,1.1
0.4,sigmoid,0.05,0.05,LR,10,0,6201,4135,0.8895,0.2452,0.1,1.2
0.4,sigmoid,0.05,0.05,SGD,10,0,6201,4135,0.8808,0.2263,0.1,1.2
0.4,sigmoid,0.05,0.05,DT,10,0,6201,4135,0.9632,0.7545,0.2,1.2
0.4,sigmoid,0.05,0.05,RF,10,0,6201,4135,0.9722,0.7737,1.5,1.2
0.4,sigmoid,0.05,0.05,NB,10,0,6201,4135,0.8883,0.535,0.0,1.2
0.4,sigmoid,0.05,0.05,KNN,10,0,6201,4135,0.9608,0.7633,0.0,1.2
0.4,sigmoid,0.05,0.05,SVM,10,0,6201,4135,0.9352,0.5774,0.6,1.2
0.4,sigmoid,0.1,0.1,LR,10,0,6201,4135,0.8921,0.2687,0.1,1.3
0.4,sigmoid,0.1,0.1,SGD,10,0,6201,4135,0.8762,0.1807,0.1,1.3
0.4,sigmoid,0.1,0.1,DT,10,0,6201,4135,0.964,0.7496,0.2,1.3
0.4,sigmoid,0.1,0.1,RF,10,0,6201,4135,0.9717,0.7774,1.5,1.3
0.4,sigmoid,0.1,0.1,NB,10,0,6201,4135,0.8781,0.539,0.0,1.3
0.4,sigmoid,0.1,0.1,KNN,10,0,6201,4135,0.9589,0.7597,0.0,1.3
0.4,sigmoid,0.1,0.1,SVM,10,0,6201,4135,0.9323,0.5602,0.5,1.3
0.4,rbf,0.001,0.001,LR,15,0,6201,4135,0.8827,0.218,0.1,1.6
0.4,rbf,0.001,0.001,SGD,15,0,6201,4135,0.8902,0.27,0.1,1.6
0.4,rbf,0.001,0.001,DT,15,0,6201,4135,0.9637,0.7421,0.2,1.6
0.4,rbf,0.001,0.001,RF,15,0,6201,4135,0.971,0.7857,1.4,1.6
0.4,rbf,0.001,0.001,NB,15,0,6201,4135,0.7562,0.4544,0.0,1.6
0.4,rbf,0.001,0.001,KNN,15,0,6201,4135,0.9613,0.757,0.0,1.6
0.4,rbf,0.001,0.001,SVM,15,0,6201,4135,0.9277,0.4753,0.7,1.6
0.4,rbf,0.005,0.005,LR,15,0,6201,4135,0.8979,0.2005,0.1,1.6
0.4,rbf,0.005,0.005,SGD,15,0,6201,4135,0.9016,0.251,0.1,1.6
0.4,rbf,0.005,0.005,DT,15,0,6201,4135,0.9603,0.7318,0.2,1.6
0.4,rbf,0.005,0.005,RF,15,0,6201,4135,0.969,0.7736,1.5,1.6
0.4,rbf,0.005,0.005,NB,15,0,6201,4135,0.7925,0.4799,0.0,1.6
0.4,rbf,0.005,0.005,KNN,15,0,6201,4135,0.9584,0.742,0.0,1.6
0.4,rbf,0.005,0.005,SVM,15,0,6201,4135,0.9214,0.3594,0.6,1.6
0.4,rbf,default,0.014492753623188406,LR,15,0,6201,4135,0.8955,0.1961,0.1,1.7
0.4,rbf,default,0.014492753623188406,SGD,15,0,6201,4135,0.8948,0.1961,0.1,1.7
0.4,rbf,default,0.014492753623188406,DT,15,0,6201,4135,0.9511,0.7215,0.2,1.7
0.4,rbf,default,0.014492753623188406,RF,15,0,6201,4135,0.9678,0.7676,1.7,1.7
0.4,rbf,default,0.014492753623188406,NB,15,0,6201,4135,0.7891,0.4163,0.0,1.7
0.4,rbf,default,0.014492753623188406,KNN,15,0,6201,4135,0.9521,0.6909,0.0,1.7
0.4,rbf,default,0.014492753623188406,SVM,15,0,6201,4135,0.9212,0.2694,0.6,1.7
0.4,rbf,0.05,0.05,LR,15,0,6201,4135,0.8892,0.1991,0.1,1.7
0.4,rbf,0.05,0.05,SGD,15,0,6201,4135,0.8948,0.2058,0.1,1.7
0.4,rbf,0.05,0.05,DT,15,0,6201,4135,0.9524,0.683,0.2,1.7
0.4,rbf,0.05,0.05,RF,15,0,6201,4135,0.9632,0.7325,1.5,1.7
0.4,rbf,0.05,0.05,NB,15,0,6201,4135,0.7137,0.3366,0.0,1.7
0.4,rbf,0.05,0.05,KNN,15,0,6201,4135,0.9461,0.685,0.0,1.7
0.4,rbf,0.05,0.05,SVM,15,0,6201,4135,0.9057,0.3197,0.6,1.7
0.4,rbf,0.1,0.1,LR,15,0,6201,4135,0.8817,0.1926,0.1,1.7
0.4,rbf,0.1,0.1,SGD,15,0,6201,4135,0.8871,0.1988,0.1,1.7
0.4,rbf,0.1,0.1,DT,15,0,6201,4135,0.9466,0.6524,0.2,1.7
0.4,rbf,0.1,0.1,RF,15,0,6201,4135,0.9543,0.6812,1.4,1.7
0.4,rbf,0.1,0.1,NB,15,0,6201,4135,0.6022,0.3551,0.0,1.7
0.4,rbf,0.1,0.1,KNN,15,0,6201,4135,0.9337,0.5813,0.0,1.7
0.4,rbf,0.1,0.1,SVM,15,0,6201,4135,0.8982,0.2922,0.7,1.7
0.4,poly,0.001,0.001,LR,15,0,6201,4135,0.8798,0.2543,0.1,1.2
0.4,poly,0.001,0.001,SGD,15,0,6201,4135,0.8822,0.25,0.1,1.2
0.4,poly,0.001,0.001,DT,15,0,6201,4135,0.9732,0.7609,0.2,1.2
0.4,poly,0.001,0.001,RF,15,0,6201,4135,0.9785,0.7822,1.4,1.2
0.4,poly,0.001,0.001,NB,15,0,6201,4135,0.1845,0.317,0.0,1.2
0.4,poly,0.001,0.001,KNN,15,0,6201,4135,0.9555,0.7132,0.0,1.2
0.4,poly,0.001,0.001,SVM,15,0,6201,4135,0.881,0.2233,0.8,1.2
0.4,poly,0.005,0.005,LR,15,0,6201,4135,0.8875,0.2957,0.4,1.1
0.4,poly,0.005,0.005,SGD,15,0,6201,4135,0.8856,0.2639,0.4,1.1
0.4,poly,0.005,0.005,DT,15,0,6201,4135,0.964,0.7381,0.2,1.1
0.4,poly,0.005,0.005,RF,15,0,6201,4135,0.9739,0.7553,1.4,1.1
0.4,poly,0.005,0.005,NB,15,0,6201,4135,0.1366,0.3055,0.0,1.1
0.4,poly,0.005,0.005,KNN,15,0,6201,4135,0.9511,0.6974,0.0,1.1
0.4,poly,0.005,0.005,SVM,15,0,6201,4135,0.8667,0.1928,0.9,1.1
0.4,poly,default,0.014492753623188406,LR,15,0,6201,4135,0.8813,0.2928,0.8,1.1
0.4,poly,default,0.014492753623188406,SGD,15,0,6201,4135,0.8278,0.183,2.0,1.1
0.4,poly,default,0.014492753623188406,DT,15,0,6201,4135,0.9567,0.7232,0.2,1.1
0.4,poly,default,0.014492753623188406,RF,15,0,6201,4135,0.9739,0.7801,1.3,1.1
0.4,poly,default,0.014492753623188406,NB,15,0,6201,4135,0.1371,0.3168,0.0,1.1
0.4,poly,default,0.014492753623188406,KNN,15,0,6201,4135,0.9473,0.6832,0.0,1.1
0.4,poly,default,0.014492753623188406,SVM,15,0,6201,4135,0.8326,0.1527,0.9,1.1
0.4,poly,0.05,0.05,LR,15,0,6201,4135,0.881,0.2951,1.8,1.1
0.4,poly,0.05,0.05,SGD,15,0,6201,4135,0.7807,0.2525,1.4,1.1
0.4,poly,0.05,0.05,DT,15,0,6201,4135,0.9125,0.5517,0.1,1.1
0.4,poly,0.05,0.05,RF,15,0,6201,4135,0.9453,0.6375,1.2,1.1
0.4,poly,0.05,0.05,NB,15,0,6201,4135,0.1059,0.2467,0.0,1.1
0.4,poly,0.05,0.05,KNN,15,0,6201,4135,0.9444,0.6334,0.1,1.1
0.4,poly,0.05,0.05,SVM,15,0,6201,4135,0.8232,0.1424,1.0,1.1
0.4,poly,0.1,0.1,LR,15,0,6201,4135,0.8842,0.3225,2.7,1.1
0.4,poly,0.1,0.1,SGD,15,0,6201,4135,0.0626,0.1344,0.5,1.1
0.4,poly,0.1,0.1,DT,15,0,6201,4135,0.9144,0.5925,0.1,1.1
0.4,poly,0.1,0.1,RF,15,0,6201,4135,0.9463,0.6261,1.3,1.1
0.4,poly,0.1,0.1,NB,15,0,6201,4135,0.105,0.246,0.0,1.1
0.4,poly,0.1,0.1,KNN,15,0,6201,4135,0.9393,0.626,0.1,1.1
0.4,poly,0.1,0.1,SVM,15,0,6201,4135,0.8218,0.1402,0.9,1.1
0.4,sigmoid,0.001,0.001,LR,15,0,6201,4135,0.8759,0.1515,0.2,1.1
0.4,sigmoid,0.001,0.001,SGD,15,0,6201,4135,0.8856,0.1642,0.1,1.1
0.4,sigmoid,0.001,0.001,DT,15,0,6201,4135,0.9688,0.7869,0.2,1.1
0.4,sigmoid,0.001,0.001,RF,15,0,6201,4135,0.977,0.8039,1.4,1.1
0.4,sigmoid,0.001,0.001,NB,15,0,6201,4135,0.8602,0.5182,0.0,1.1
0.4,sigmoid,0.001,0.001,KNN,15,0,6201,4135,0.9637,0.7512,0.1,1.1
0.4,sigmoid,0.001,0.001,SVM,15,0,6201,4135,0.9301,0.4947,0.7,1.1
0.4,sigmoid,0.005,0.005,LR,15,0,6201,4135,0.8846,0.163,0.1,1.1
0.4,sigmoid,0.005,0.005,SGD,15,0,6201,4135,0.8863,0.2121,0.1,1.1
0.4,sigmoid,0.005,0.005,DT,15,0,6201,4135,0.9669,0.7491,0.2,1.1
0.4,sigmoid,0.005,0.005,RF,15,0,6201,4135,0.9761,0.7838,1.4,1.1
0.4,sigmoid,0.005,0.005,NB,15,0,6201,4135,0.8128,0.4948,0.0,1.1
0.4,sigmoid,0.005,0.005,KNN,15,0,6201,4135,0.9652,0.7564,0.0,1.1
0.4,sigmoid,0.005,0.005,SVM,15,0,6201,4135,0.9362,0.5004,0.6,1.1
0.4,sigmoid,default,0.014492753623188406,LR,15,0,6201,4135,0.9011,0.2528,0.1,1.2
0.4,sigmoid,default,0.014492753623188406,SGD,15,0,6201,4135,0.8984,0.2499,0.1,1.2
0.4,sigmoid,default,0.014492753623188406,DT,15,0,6201,4135,0.9632,0.7489,0.2,1.2
0.4,sigmoid,default,0.014492753623188406,RF,15,0,6201,4135,0.9748,0.7833,1.5,1.2
0.4,sigmoid,default,0.014492753623188406,NB,15,0,6201,4135,0.8851,0.5811,0.0,1.2
0.4,sigmoid,default,0.014492753623188406,KNN,15,0,6201,4135,0.9635,0.7653,0.0,1.2
0.4,sigmoid,default,0.014492753623188406,SVM,15,0,6201,4135,0.9417,0.5577,0.6,1.2
0.4,sigmoid,0.05,0.05,LR,15,0,6201,4135,0.8953,0.304,0.1,1.4
0.4,sigmoid,0.05,0.05,SGD,15,0,6201,4135,0.8846,0.1894,0.1,1.4
0.4,sigmoid,0.05,0.05,DT,15,0,6201,4135,0.9657,0.7575,0.2,1.4
0.4,sigmoid,0.05,0.05,RF,15,0,6201,4135,0.9758,0.7858,1.5,1.4
0.4,sigmoid,0.05,0.05,NB,15,0,6201,4135,0.8849,0.5592,0.0,1.4
0.4,sigmoid,0.05,0.05,KNN,15,0,6201,4135,0.9659,0.7807,0.0,1.4
0.4,sigmoid,0.05,0.05,SVM,15,0,6201,4135,0.9473,0.6223,0.6,1.4
0.4,sigmoid,0.1,0.1,LR,15,0,6201,4135,0.9091,0.3381,0.1,1.4
0.4,sigmoid,0.1,0.1,SGD,15,0,6201,4135,0.8992,0.2538,0.1,1.4
0.4,sigmoid,0.1,0.1,DT,15,0,6201,4135,0.9698,0.772,0.2,1.4
0.4,sigmoid,0.1,0.1,RF,15,0,6201,4135,0.9729,0.7864,1.5,1.4
0.4,sigmoid,0.1,0.1,NB,15,0,6201,4135,0.8825,0.5656,0.0,1.4
0.4,sigmoid,0.1,0.1,KNN,15,0,6201,4135,0.9654,0.7771,0.0,1.4
0.4,sigmoid,0.1,0.1,SVM,15,0,6201,4135,0.9466,0.6377,0.6,1.4
0.6,rbf,0.001,0.001,LR,10,0,4134,6202,0.8781,0.1522,0.1,1.0
0.6,rbf,0.001,0.001,SGD,10,0,4134,6202,0.885,0.1631,0.0,1.0
0.6,rbf,0.001,0.001,DT,10,0,4134,6202,0.9574,0.7324,0.1,1.0
0.6,rbf,0.001,0.001,RF,10,0,4134,6202,0.9689,0.7874,1.0,1.0
0.6,rbf,0.001,0.001,NB,10,0,4134,6202,0.7859,0.3962,0.0,1.0
0.6,rbf,0.001,0.001,KNN,10,0,4134,6202,0.9553,0.7323,0.0,1.0
0.6,rbf,0.001,0.001,SVM,10,0,4134,6202,0.9223,0.4279,0.6,1.0
0.6,rbf,0.005,0.005,LR,10,0,4134,6202,0.8846,0.1641,0.1,1.1
0.6,rbf,0.005,0.005,SGD,10,0,4134,6202,0.8842,0.1644,0.0,1.1
0.6,rbf,0.005,0.005,DT,10,0,4134,6202,0.9515,0.7146,0.1,1.1
0.6,rbf,0.005,0.005,RF,10,0,4134,6202,0.9655,0.7644,1.1,1.1
0.6,rbf,0.005,0.005,NB,10,0,4134,6202,0.8231,0.4273,0.0,1.1
0.6,rbf,0.005,0.005,KNN,10,0,4134,6202,0.9487,0.6731,0.0,1.1
0.6,rbf,0.005,0.005,SVM,10,0,4134,6202,0.916,0.2277,0.5,1.1
0.6,rbf,default,0.014492753623188406,LR,10,0,4134,6202,0.8763,0.1543,0.1,1.0
0.6,rbf,default,0.014492753623188406,SGD,10,0,4134,6202,0.8789,0.1572,0.1,1.0
0.6,rbf,default,0.014492753623188406,DT,10,0,4134,6202,0.9471,0.6927,0.1,1.0
0.6,rbf,default,0.014492753623188406,RF,10,0,4134,6202,0.9574,0.731,1.1,1.0
0.6,rbf,default,0.014492753623188406,NB,10,0,4134,6202,0.7548,0.3703,0.0,1.0
0.6,rbf,default,0.014492753623188406,KNN,10,0,4134,6202,0.9479,0.6658,0.0,1.0
0.6,rbf,default,0.014492753623188406,SVM,10,0,4134,6202,0.9065,0.2133,0.5,1.0
0.6,rbf,0.05,0.05,LR,10,0,4134,6202,0.8708,0.1821,0.1,1.0
0.6,rbf,0.05,0.05,SGD,10,0,4134,6202,0.872,0.1833,0.0,1.0
0.6,rbf,0.05,0.05,DT,10,0,4134,6202,0.9432,0.6299,0.1,1.0
0.6,rbf,0.05,0.05,RF,10,0,4134,6202,0.9573,0.672,1.1,1.0
0.6,rbf,0.05,0.05,NB,10,0,4134,6202,0.697,0.3345,0.0,1.0
0.6,rbf,0.05,0.05,KNN,10,0,4134,6202,0.9391,0.5915,0.0,1.0
0.6,rbf,0.05,0.05,SVM,10,0,4134,6202,0.887,0.1941,0.5,1.0
0.6,rbf,0.1,0.1,LR,10,0,4134,6202,0.8517,0.1441,0.1,1.0
0.6,rbf,0.1,0.1,SGD,10,0,4134,6202,0.853,0.1435,0.1,1.0
0.6,rbf,0.1,0.1,DT,10,0,4134,6202,0.9378,0.6053,0.1,1.0
0.6,rbf,0.1,0.1,RF,10,0,4134,6202,0.949,0.6444,1.0,1.0
0.6,rbf,0.1,0.1,NB,10,0,4134,6202,0.6345,0.3354,0.0,1.0
0.6,rbf,0.1,0.1,KNN,10,0,4134,6202,0.9334,0.5839,0.0,1.0
0.6,rbf,0.1,0.1,SVM,10,0,4134,6202,0.8538,0.1798,0.7,1.0
0.6,poly,0.001,0.001,LR,10,0,4134,6202,0.8821,0.24,0.1,0.7
0.6,poly,0.001,0.001,SGD,10,0,4134,6202,0.8823,0.253,0.1,0.7
0.6,poly,0.001,0.001,DT,10,0,4134,6202,0.9616,0.7422,0.1,0.7
0.6,poly,0.001,0.001,RF,10,0,4134,6202,0.9719,0.7617,1.0,0.7
0.6,poly,0.001,0.001,NB,10,0,4134,6202,0.3376,0.3786,0.0,0.7
0.6,poly,0.001,0.001,KNN,10,0,4134,6202,0.9518,0.705,0.0,0.7
0.6,poly,0.001,0.001,SVM,10,0,4134,6202,0.8858,0.2709,0.6,0.7
0.6,poly,0.005,0.005,LR,10,0,4134,6202,0.8739,0.2395,0.1,0.7
0.6,poly,0.005,0.005,SGD,10,0,4134,6202,0.8713,0.2453,0.2,0.7
0.6,poly,0.005,0.005,DT,10,0,4134,6202,0.9565,0.7027,0.1,0.7
0.6,poly,0.005,0.005,RF,10,0,4134,6202,0.9715,0.7634,1.0,0.7
0.6,poly,0.005,0.005,NB,10,0,4134,6202,0.1656,0.3179,0.0,0.7
0.6,poly,0.005,0.005,KNN,10,0,4134,6202,0.9447,0.6386,0.1,0.7
0.6,poly,0.005,0.005,SVM,10,0,4134,6202,0.8591,0.1764,0.7,0.7
0.6,poly,default,0.014492753623188406,LR,10,0,4134,6202,0.8699,0.2383,0.5,0.7
0.6,poly,default,0.014492753623188406,SGD,10,0,4134,6202,0.846,0.2107,1.2,0.7
0.6,poly,default,0.014492753623188406,DT,10,0,4134,6202,0.94,0.642,0.1,0.7
0.6,poly,default,0.014492753623188406,RF,10,0,4134,6202,0.9573,0.6914,0.9,0.7
0.6,poly,default,0.014492753623188406,NB,10,0,4134,6202,0.1174,0.2608,0.0,0.7
0.6,poly,default,0.014492753623188406,KNN,10,0,4134,6202,0.9399,0.6183,0.1,0.7
0.6,poly,default,0.014492753623188406,SVM,10,0,4134,6202,0.8272,0.1556,0.7,0.7
0.6,poly,0.05,0.05,LR,10,0,4134,6202,0.8604,0.2289,1.6,0.6
0.6,poly,0.05,0.05,SGD,10,0,4134,6202,0.8312,0.1983,0.4,0.6
0.6,poly,0.05,0.05,DT,10,0,4134,6202,0.9052,0.5151,0.1,0.6
0.6,poly,0.05,0.05,RF,10,0,4134,6202,0.9282,0.5738,1.0,0.6
0.6,poly,0.05,0.05,NB,10,0,4134,6202,0.1005,0.2371,0.0,0.6
0.6,poly,0.05,0.05,KNN,10,0,4134,6202,0.9336,0.5917,0.1,0.6
0.6,poly,0.05,0.05,SVM,10,0,4134,6202,0.8084,0.1213,0.7,0.6
0.6,poly,0.1,0.1,LR,10,0,4134,6202,0.8744,0.2636,3.2,0.6
0.6,poly,0.1,0.1,SGD,10,0,4134,6202,0.8183,0.1886,0.4,0.6
0.6,poly,0.1,0.1,DT,10,0,4134,6202,0.8331,0.4219,0.1,0.6
0.6,poly,0.1,0.1,RF,10,0,4134,6202,0.9282,0.5528,1.1,0.6
0.6,poly,0.1,0.1,NB,10,0,4134,6202,0.1022,0.2309,0.0,0.6
0.6,poly,0.1,0.1,KNN,10,0,4134,6202,0.932,0.592,0.1,0.6
0.6,poly,0.1,0.1,SVM,10,0,4134,6202,0.8084,0.1213,0.7,0.6
0.6,sigmoid,0.001,0.001,LR,10,0,4134,6202,0.8704,0.1401,0.1,0.6
0.6,sigmoid,0.001,0.001,SGD,10,0,4134,6202,0.8792,0.1536,0.0,0.6
0.6,sigmoid,0.001,0.001,DT,10,0,4134,6202,0.9605,0.7443,0.1,0.6
0.6,sigmoid,0.001,0.001,RF,10,0,4134,6202,0.9737,0.7971,1.0,0.6
0.6,sigmoid,0.001,0.001,NB,10,0,4134,6202,0.7972,0.4316,0.0,0.6
0.6,sigmoid,0.001,0.001,KNN,10,0,4134,6202,0.9597,0.7343,0.0,0.6
0.6,sigmoid,0.001,0.001,SVM,10,0,4134,6202,0.9249,0.4635,0.6,0.6
0.6,sigmoid,0.005,0.005,LR,10,0,4134,6202,0.8783,0.153,0.1,0.6
0.6,sigmoid,0.005,0.005,SGD,10,0,4134,6202,0.8815,0.2182,0.0,0.6
0.6,sigmoid,0.005,0.005,DT,10,0,4134,6202,0.9573,0.7144,0.1,0.6
0.6,sigmoid,0.005,0.005,RF,10,0,4134,6202,0.9679,0.777,1.0,0.6
0.6,sigmoid,0.005,0.005,NB,10,0,4134,6202,0.8233,0.4479,0.0,0.6
0.6,sigmoid,0.005,0.005,KNN,10,0,4134,6202,0.9584,0.7399,0.0,0.6
0.6,sigmoid,0.005,0.005,SVM,10,0,4134,6202,0.9297,0.4693,0.5,0.6
0.6,sigmoid,default,0.014492753623188406,LR,10,0,4134,6202,0.8862,0.1801,0.1,0.6
0.6,sigmoid,default,0.014492753623188406,SGD,10,0,4134,6202,0.8784,0.1715,0.0,0.6
0.6,sigmoid,default,0.014492753623188406,DT,10,0,4134,6202,0.9587,0.7285,0.1,0.6
0.6,sigmoid,default,0.014492753623188406,RF,10,0,4134,6202,0.969,0.7686,1.1,0.6
0.6,sigmoid,default,0.014492753623188406,NB,10,0,4134,6202,0.9036,0.5751,0.0,0.6
0.6,sigmoid,default,0.014492753623188406,KNN,10,0,4134,6202,0.9555,0.7322,0.0,0.6
0.6,sigmoid,default,0.014492753623188406,SVM,10,0,4134,6202,0.9233,0.4543,0.5,0.6
0.6,sigmoid,0.05,0.05,LR,10,0,4134,6202,0.8942,0.2723,0.1,0.8
0.6,sigmoid,0.05,0.05,SGD,10,0,4134,6202,0.8792,0.2338,0.2,0.8
0.6,sigmoid,0.05,0.05,DT,10,0,4134,6202,0.9571,0.7326,0.1,0.8
0.6,sigmoid,0.05,0.05,RF,10,0,4134,6202,0.97,0.7651,1.1,0.8
0.6,sigmoid,0.05,0.05,NB,10,0,4134,6202,0.8884,0.5512,0.0,0.8
0.6,sigmoid,0.05,0.05,KNN,10,0,4134,6202,0.9534,0.746,0.0,0.8
0.6,sigmoid,0.05,0.05,SVM,10,0,4134,6202,0.9205,0.4589,0.5,0.8
0.6,sigmoid,0.1,0.1,LR,10,0,4134,6202,0.8923,0.2822,0.1,0.7
0.6,sigmoid,0.1,0.1,SGD,10,0,4134,6202,0.8697,0.2111,0.1,0.7
0.6,sigmoid,0.1,0.1,DT,10,0,4134,6202,0.9529,0.7236,0.1,0.7
0.6,sigmoid,0.1,0.1,RF,10,0,4134,6202,0.9663,0.7707,1.1,0.7
0.6,sigmoid,0.1,0.1,NB,10,0,4134,6202,0.8671,0.5178,0.0,0.7
0.6,sigmoid,0.1,0.1,KNN,10,0,4134,6202,0.9511,0.751,0.0,0.7
0.6,sigmoid,0.1,0.1,SVM,10,0,4134,6202,0.921,0.4707,0.5,0.7
0.6,rbf,0.001,0.001,LR,15,0,4134,6202,0.8807,0.2179,0.1,1.1
0.6,rbf,0.001,0.001,SGD,15,0,4134,6202,0.891,0.2763,0.1,1.1
0.6,rbf,0.001,0.001,DT,15,0,4134,6202,0.9581,0.7397,0.1,1.1
0.6,rbf,0.001,0.001,RF,15,0,4134,6202,0.9707,0.7905,1.1,1.1
0.6,rbf,0.001,0.001,NB,15,0,4134,6202,0.8104,0.4582,0.0,1.1
0.6,rbf,0.001,0.001,KNN,15,0,4134,6202,0.9545,0.7241,0.0,1.1
0.6,rbf,0.001,0.001,SVM,15,0,4134,6202,0.9249,0.4325,0.6,1.1
0.6,rbf,0.005,0.005,LR,15,0,4134,6202,0.8979,0.2029,0.1,1.1
0.6,rbf,0.005,0.005,SGD,15,0,4134,6202,0.907,0.2618,0.1,1.1
0.6,rbf,0.005,0.005,DT,15,0,4134,6202,0.9513,0.6965,0.1,1.1
0.6,rbf,0.005,0.005,RF,15,0,4134,6202,0.9661,0.7712,1.1,1.1
0.6,rbf,0.005,0.005,NB,15,0,4134,6202,0.8036,0.4805,0.0,1.1
0.6,rbf,0.005,0.005,KNN,15,0,4134,6202,0.9524,0.7017,0.0,1.1
0.6,rbf,0.005,0.005,SVM,15,0,4134,6202,0.921,0.2944,0.5,1.1
0.6,rbf,default,0.014492753623188406,LR,15,0,4134,6202,0.8957,0.2002,0.1,1.0
0.6,rbf,default,0.014492753623188406,SGD,15,0,4134,6202,0.8962,0.2014,0.1,1.0
0.6,rbf,default,0.014492753623188406,DT,15,0,4134,6202,0.9476,0.6911,0.1,1.0
0.6,rbf,default,0.014492753623188406,RF,15,0,4134,6202,0.9611,0.7429,1.1,1.0
0.6,rbf,default,0.014492753623188406,NB,15,0,4134,6202,0.756,0.4186,0.0,1.0
0.6,rbf,default,0.014492753623188406,KNN,15,0,4134,6202,0.9486,0.6702,0.0,1.0
0.6,rbf,default,0.014492753623188406,SVM,15,0,4134,6202,0.9112,0.2244,0.5,1.0
0.6,rbf,0.05,0.05,LR,15,0,4134,6202,0.8876,0.1944,0.1,1.0
0.6,rbf,0.05,0.05,SGD,15,0,4134,6202,0.8892,0.1989,0.0,1.0
0.6,rbf,0.05,0.05,DT,15,0,4134,6202,0.9465,0.6467,0.1,1.0
0.6,rbf,0.05,0.05,RF,15,0,4134,6202,0.9553,0.6691,1.1,1.0
0.6,rbf,0.05,0.05,NB,15,0,4134,6202,0.702,0.3497,0.0,1.0
0.6,rbf,0.05,0.05,KNN,15,0,4134,6202,0.9415,0.6006,0.0,1.0
0.6,rbf,0.05,0.05,SVM,15,0,4134,6202,0.8928,0.2343,0.5,1.0
0.6,rbf,0.1,0.1,LR,15,0,4134,6202,0.882,0.1907,0.1,1.1
0.6,rbf,0.1,0.1,SGD,15,0,4134,6202,0.8852,0.195,0.1,1.1
0.6,rbf,0.1,0.1,DT,15,0,4134,6202,0.9399,0.6133,0.1,1.1
0.6,rbf,0.1,0.1,RF,15,0,4134,6202,0.952,0.6548,1.0,1.1
0.6,rbf,0.1,0.1,NB,15,0,4134,6202,0.664,0.3449,0.0,1.1
0.6,rbf,0.1,0.1,KNN,15,0,4134,6202,0.9366,0.567,0.0,1.1
0.6,rbf,0.1,0.1,SVM,15,0,4134,6202,0.886,0.2269,0.6,1.1
0.6,poly,0.001,0.001,LR,15,0,4134,6202,0.8804,0.2386,0.1,0.7
0.6,poly,0.001,0.001,SGD,15,0,4134,6202,0.8831,0.2391,0.1,0.7
0.6,poly,0.001,0.001,DT,15,0,4134,6202,0.9653,0.7659,0.1,0.7
0.6,poly,0.001,0.001,RF,15,0,4134,6202,0.9752,0.7782,1.1,0.7
0.6,poly,0.001,0.001,NB,15,0,4134,6202,0.6042,0.4381,0.0,0.7
0.6,poly,0.001,0.001,KNN,15,0,4134,6202,0.9565,0.7062,0.1,0.7
0.6,poly,0.001,0.001,SVM,15,0,4134,6202,0.885,0.2674,0.7,0.7
0.6,poly,0.005,0.005,LR,15,0,4134,6202,0.8889,0.2847,0.1,0.7
0.6,poly,0.005,0.005,SGD,15,0,4134,6202,0.8904,0.3294,0.1,0.7
0.6,poly,0.005,0.005,DT,15,0,4134,6202,0.956,0.7084,0.1,0.7
0.6,poly,0.005,0.005,RF,15,0,4134,6202,0.9724,0.7716,1.1,0.7
0.6,poly,0.005,0.005,NB,15,0,4134,6202,0.1777,0.3546,0.0,0.7
0.6,poly,0.005,0.005,KNN,15,0,4134,6202,0.9482,0.651,0.1,0.7
0.6,poly,0.005,0.005,SVM,15,0,4134,6202,0.8713,0.2023,0.7,0.7
0.6,poly,default,0.014492753623188406,LR,15,0,4134,6202,0.8771,0.277,0.8,0.6
0.6,poly,default,0.014492753623188406,SGD,15,0,4134,6202,0.8473,0.2076,1.2,0.6
0.6,poly,default,0.014492753623188406,DT,15,0,4134,6202,0.9337,0.6989,0.1,0.6
0.6,poly,default,0.014492753623188406,RF,15,0,4134,6202,0.9655,0.7164,1.1,0.6
0.6,poly,default,0.014492753623188406,NB,15,0,4134,6202,0.1277,0.2882,0.0,0.6
0.6,poly,default,0.014492753623188406,KNN,15,0,4134,6202,0.9447,0.6224,0.1,0.6
0.6,poly,default,0.014492753623188406,SVM,15,0,4134,6202,0.8388,0.1633,0.7,0.6
0.6,poly,0.05,0.05,LR,15,0,4134,6202,0.8813,0.306,1.3,0.7
0.6,poly,0.05,0.05,SGD,15,0,4134,6202,0.8604,0.2484,0.6,0.7
0.6,poly,0.05,0.05,DT,15,0,4134,6202,0.9157,0.5702,0.1,0.7
0.6,poly,0.05,0.05,RF,15,0,4134,6202,0.9305,0.5645,1.0,0.7
0.6,poly,0.05,0.05,NB,15,0,4134,6202,0.1104,0.2357,0.0,0.7
0.6,poly,0.05,0.05,KNN,15,0,4134,6202,0.9408,0.615,0.1,0.7
0.6,poly,0.05,0.05,SVM,15,0,4134,6202,0.8275,0.152,0.7,0.7
0.6,poly,0.1,0.1,LR,15,0,4134,6202,0.8841,0.3212,2.2,0.7
0.6,poly,0.1,0.1,SGD,15,0,4134,6202,0.851,0.2348,0.4,0.7
0.6,poly,0.1,0.1,DT,15,0,4134,6202,0.7119,0.4386,0.1,0.7
0.6,poly,0.1,0.1,RF,15,0,4134,6202,0.9479,0.5712,1.0,0.7
0.6,poly,0.1,0.1,NB,15,0,4134,6202,0.1048,0.2264,0.0,0.7
0.6,poly,0.1,0.1,KNN,15,0,4134,6202,0.9395,0.6184,0.1,0.7
0.6,poly,0.1,0.1,SVM,15,0,4134,6202,0.8246,0.1483,0.8,0.7
0.6,sigmoid,0.001,0.001,LR,15,0,4134,6202,0.8702,0.1401,0.1,0.7
0.6,sigmoid,0.001,0.001,SGD,15,0,4134,6202,0.8837,0.1619,0.1,0.7
0.6,sigmoid,0.001,0.001,DT,15,0,4134,6202,0.9618,0.737,0.1,0.7
0.6,sigmoid,0.001,0.001,RF,15,0,4134,6202,0.9739,0.798,1.0,0.7
0.6,sigmoid,0.001,0.001,NB,15,0,4134,6202,0.837,0.5077,0.0,0.7
0.6,sigmoid,0.001,0.001,KNN,15,0,4134,6202,0.9592,0.7414,0.0,0.7
0.6,sigmoid,0.001,0.001,SVM,15,0,4134,6202,0.9299,0.4778,0.6,0.7
0.6,sigmoid,0.005,0.005,LR,15,0,4134,6202,0.8805,0.1559,0.1,0.7
0.6,sigmoid,0.005,0.005,SGD,15,0,4134,6202,0.8831,0.1603,0.1,0.7
0.6,sigmoid,0.005,0.005,DT,15,0,4134,6202,0.9574,0.7405,0.1,0.7
0.6,sigmoid,0.005,0.005,RF,15,0,4134,6202,0.9726,0.7881,1.0,0.7
0.6,sigmoid,0.005,0.005,NB,15,0,4134,6202,0.8196,0.5132,0.0,0.7
0.6,sigmoid,0.005,0.005,KNN,15,0,4134,6202,0.9597,0.7402,0.0,0.7
0.6,sigmoid,0.005,0.005,SVM,15,0,4134,6202,0.9328,0.4866,0.5,0.7
0.6,sigmoid,default,0.014492753623188406,LR,15,0,4134,6202,0.8957,0.1981,0.1,0.7
0.6,sigmoid,default,0.014492753623188406,SGD,15,0,4134,6202,0.8842,0.1846,0.1,0.7
0.6,sigmoid,default,0.014492753623188406,DT,15,0,4134,6202,0.9532,0.704,0.1,0.7
0.6,sigmoid,default,0.014492753623188406,RF,15,0,4134,6202,0.9728,0.7799,1.1,0.7
0.6,sigmoid,default,0.014492753623188406,NB,15,0,4134,6202,0.8813,0.5593,0.0,0.7
0.6,sigmoid,default,0.014492753623188406,KNN,15,0,4134,6202,0.9592,0.7433,0.1,0.7
0.6,sigmoid,default,0.014492753623188406,SVM,15,0,4134,6202,0.9331,0.5054,0.5,0.7
0.6,sigmoid,0.05,0.05,LR,15,0,4134,6202,0.8991,0.3611,0.1,0.8
0.6,sigmoid,0.05,0.05,SGD,15,0,4134,6202,0.9045,0.2323,0.1,0.8
0.6,sigmoid,0.05,0.05,DT,15,0,4134,6202,0.9637,0.7571,0.1,0.8
0.6,sigmoid,0.05,0.05,RF,15,0,4134,6202,0.9755,0.7918,1.1,0.8
0.6,sigmoid,0.05,0.05,NB,15,0,4134,6202,0.8813,0.5569,0.0,0.8
0.6,sigmoid,0.05,0.05,KNN,15,0,4134,6202,0.9624,0.7715,0.0,0.8
0.6,sigmoid,0.05,0.05,SVM,15,0,4134,6202,0.941,0.5467,0.5,0.8
0.6,sigmoid,0.1,0.1,LR,15,0,4134,6202,0.9063,0.3261,0.1,0.8
0.6,sigmoid,0.1,0.1,SGD,15,0,4134,6202,0.9008,0.2972,0.1,0.8
0.6,sigmoid,0.1,0.1,DT,15,0,4134,6202,0.9542,0.7303,0.1,0.8
0.6,sigmoid,0.1,0.1,RF,15,0,4134,6202,0.9698,0.7719,1.1,0.8
0.6,sigmoid,0.1,0.1,NB,15,0,4134,6202,0.8805,0.5675,0.0,0.8
0.6,sigmoid,0.1,0.1,KNN,15,0,4134,6202,0.9589,0.7687,0.0,0.8
0.6,sigmoid,0.1,0.1,SVM,15,0,4134,6202,0.9366,0.5532,0.5,0.8
