test_size,kernel,classifier,components,n_train,n_test,accuracy,macro_f1,clf_seconds,kpca_seconds
0.2,none,LR,0,8268,2068,0.956,0.6451,0.3,0.0
0.2,none,SGD,0,8268,2068,0.94,0.5202,0.8,0.0
0.2,none,DT,0,8268,2068,0.9845,0.8289,0.2,0.0
0.2,none,RF,0,8268,2068,0.9889,0.8678,0.7,0.0
0.2,none,NB,0,8268,2068,0.7747,0.6178,0.0,0.0
0.2,none,KNN,0,8268,2068,0.9662,0.7423,2.0,0.0
0.2,none,SVM,0,8268,2068,0.942,0.5114,1.6,0.0
0.2,linear,LR,5,8268,2068,0.8907,0.2785,0.7,0.9
0.2,linear,SGD,5,8268,2068,0.8849,0.2603,0.4,0.9
0.2,linear,DT,5,8268,2068,0.9662,0.7494,0.1,0.9
0.2,linear,RF,5,8268,2068,0.9778,0.7811,0.7,0.9
0.2,linear,NB,5,8268,2068,0.7123,0.3182,0.0,0.9
0.2,linear,KNN,5,8268,2068,0.9599,0.7374,0.0,0.9
0.2,linear,SVM,5,8268,2068,0.9038,0.3806,0.7,0.9
0.2,poly,LR,5,8268,2068,0.808,0.1542,0.7,1.0
0.2,poly,SGD,5,8268,2068,0.7693,0.1349,1.7,1.0
0.2,poly,DT,5,8268,2068,0.8752,0.473,0.0,1.0
0.2,poly,RF,5,8268,2068,0.9163,0.4807,0.6,1.0
0.2,poly,NB,5,8268,2068,0.1083,0.2005,0.0,1.0
0.2,poly,KNN,5,8268,2068,0.9062,0.5377,0.0,1.0
0.2,poly,SVM,5,8268,2068,0.8085,0.1207,0.8,1.0
0.2,rbf,LR,5,8268,2068,0.881,0.1569,0.1,2.1
0.2,rbf,SGD,5,8268,2068,0.8767,0.1562,0.1,2.1
0.2,rbf,DT,5,8268,2068,0.9526,0.6752,0.1,2.1
0.2,rbf,RF,5,8268,2068,0.9647,0.7334,0.9,2.1
0.2,rbf,NB,5,8268,2068,0.8037,0.3037,0.0,2.1
0.2,rbf,KNN,5,8268,2068,0.957,0.69,0.0,2.1
0.2,rbf,SVM,5,8268,2068,0.9221,0.248,0.7,2.1
0.2,sigmoid,LR,5,8268,2068,0.8781,0.1559,0.1,1.1
0.2,sigmoid,SGD,5,8268,2068,0.8791,0.1545,0.1,1.1
0.2,sigmoid,DT,5,8268,2068,0.9497,0.7077,0.1,1.1
0.2,sigmoid,RF,5,8268,2068,0.9657,0.7592,0.8,1.1
0.2,sigmoid,NB,5,8268,2068,0.8791,0.4092,0.0,1.1
0.2,sigmoid,KNN,5,8268,2068,0.9599,0.7347,0.0,1.1
0.2,sigmoid,SVM,5,8268,2068,0.925,0.4247,0.6,1.1
0.2,cosine,LR,5,8268,2068,0.8912,0.1941,0.1,0.9
0.2,cosine,SGD,5,8268,2068,0.8777,0.156,0.1,0.9
0.2,cosine,DT,5,8268,2068,0.955,0.7441,0.1,0.9
0.2,cosine,RF,5,8268,2068,0.9671,0.774,0.8,0.9
0.2,cosine,NB,5,8268,2068,0.839,0.4145,0.0,0.9
0.2,cosine,KNN,5,8268,2068,0.9599,0.7375,0.0,0.9
0.2,cosine,SVM,5,8268,2068,0.927,0.2404,0.5,0.9
0.2,linear,LR,10,8268,2068,0.9202,0.4496,0.5,1.0
0.2,linear,SGD,10,8268,2068,0.9023,0.3555,0.4,1.0
0.2,linear,DT,10,8268,2068,0.9744,0.7954,0.2,1.0
0.2,linear,RF,10,8268,2068,0.9821,0.7987,1.0,1.0
0.2,linear,NB,10,8268,2068,0.7698,0.4089,0.0,1.0
0.2,linear,KNN,10,8268,2068,0.9671,0.7588,0.0,1.0
0.2,linear,SVM,10,8268,2068,0.9231,0.4537,0.8,1.0
0.2,poly,LR,10,8268,2068,0.808,0.1415,1.2,1.1
0.2,poly,SGD,10,8268,2068,0.7974,0.1341,2.1,1.1
0.2,poly,DT,10,8268,2068,0.898,0.5215,0.1,1.1
0.2,poly,RF,10,8268,2068,0.9449,0.6276,0.9,1.1
0.2,poly,NB,10,8268,2068,0.1049,0.2123,0.0,1.1
0.2,poly,KNN,10,8268,2068,0.9371,0.6275,0.0,1.1
0.2,poly,SVM,10,8268,2068,0.809,0.1337,1.1,1.1
0.2,rbf,LR,10,8268,2068,0.898,0.2008,0.1,2.0
0.2,rbf,SGD,10,8268,2068,0.8849,0.1632,0.1,2.0
0.2,rbf,DT,10,8268,2068,0.9526,0.6988,0.2,2.0
0.2,rbf,RF,10,8268,2068,0.9666,0.744,1.1,2.0
0.2,rbf,NB,10,8268,2068,0.7868,0.3745,0.0,2.0
0.2,rbf,KNN,10,8268,2068,0.9574,0.7093,0.0,2.0
0.2,rbf,SVM,10,8268,2068,0.9183,0.2469,0.6,2.0
0.2,sigmoid,LR,10,8268,2068,0.9004,0.2057,0.1,1.2
0.2,sigmoid,SGD,10,8268,2068,0.8922,0.1897,0.1,1.2
0.2,sigmoid,DT,10,8268,2068,0.9637,0.7198,0.2,1.2
0.2,sigmoid,RF,10,8268,2068,0.9773,0.803,1.0,1.2
0.2,sigmoid,NB,10,8268,2068,0.8999,0.5444,0.0,1.2
0.2,sigmoid,KNN,10,8268,2068,0.9632,0.746,0.0,1.2
0.2,sigmoid,SVM,10,8268,2068,0.942,0.5114,0.6,1.2
0.2,cosine,LR,10,8268,2068,0.9086,0.2206,0.1,1.0
0.2,cosine,SGD,10,8268,2068,0.9018,0.2148,0.1,1.0
0.2,cosine,DT,10,8268,2068,0.9608,0.7653,0.2,1.0
0.2,cosine,RF,10,8268,2068,0.9695,0.7737,1.0,1.0
0.2,cosine,NB,10,8268,2068,0.8506,0.4641,0.0,1.0
0.2,cosine,KNN,10,8268,2068,0.9623,0.7257,0.0,1.0
0.2,cosine,SVM,10,8268,2068,0.9371,0.4085,0.5,1.0
0.2,linear,LR,15,8268,2068,0.9367,0.4934,0.5,1.1
0.2,linear,SGD,15,8268,2068,0.9047,0.3324,0.4,1.1
0.2,linear,DT,15,8268,2068,0.9749,0.7742,0.2,1.1
0.2,linear,RF,15,8268,2068,0.9816,0.789,0.9,1.1
0.2,linear,NB,15,8268,2068,0.7635,0.4078,0.0,1.1
0.2,linear,KNN,15,8268,2068,0.9652,0.7456,0.0,1.1
0.2,linear,SVM,15,8268,2068,0.9415,0.4802,0.8,1.1
0.2,poly,LR,15,8268,2068,0.8796,0.2768,1.2,1.1
0.2,poly,SGD,15,8268,2068,0.8332,0.1919,3.2,1.1
0.2,poly,DT,15,8268,2068,0.9323,0.6613,0.2,1.1
0.2,poly,RF,15,8268,2068,0.9507,0.669,0.9,1.1
0.2,poly,NB,15,8268,2068,0.1402,0.2784,0.0,1.1
0.2,poly,KNN,15,8268,2068,0.9531,0.7144,0.0,1.1
0.2,poly,SVM,15,8268,2068,0.8332,0.1575,1.1,1.1
0.2,rbf,LR,15,8268,2068,0.9091,0.2141,0.1,2.1
0.2,rbf,SGD,15,8268,2068,0.9062,0.2232,0.1,2.1
0.2,rbf,DT,15,8268,2068,0.9637,0.7323,0.4,2.1
0.2,rbf,RF,15,8268,2068,0.971,0.7701,1.1,2.1
0.2,rbf,NB,15,8268,2068,0.7853,0.4173,0.0,2.1
0.2,rbf,KNN,15,8268,2068,0.9589,0.7112,0.0,2.1
0.2,rbf,SVM,15,8268,2068,0.9289,0.2646,0.7,2.1
0.2,sigmoid,LR,15,8268,2068,0.913,0.2965,0.2,1.5
0.2,sigmoid,SGD,15,8268,2068,0.9105,0.2741,0.1,1.5
0.2,sigmoid,DT,15,8268,2068,0.9647,0.7404,0.3,1.5
0.2,sigmoid,RF,15,8268,2068,0.9797,0.7957,1.0,1.5
0.2,sigmoid,NB,15,8268,2068,0.8839,0.5735,0.0,1.5
0.2,sigmoid,KNN,15,8268,2068,0.9695,0.767,0.0,1.5
0.2,sigmoid,SVM,15,8268,2068,0.9512,0.5845,0.6,1.5
0.2,cosine,LR,15,8268,2068,0.9159,0.2293,0.1,1.2
0.2,cosine,SGD,15,8268,2068,0.9163,0.235,0.1,1.2
0.2,cosine,DT,15,8268,2068,0.9608,0.7291,0.3,1.2
0.2,cosine,RF,15,8268,2068,0.9729,0.7915,1.0,1.2
0.2,cosine,NB,15,8268,2068,0.8341,0.5277,0.0,1.2
0.2,cosine,KNN,15,8268,2068,0.9618,0.7163,0.0,1.2
0.2,cosine,SVM,15,8268,2068,0.9425,0.4671,0.6,1.2
0.4,none,LR,0,6201,4135,0.9453,0.6261,0.3,0.0
0.4,none,SGD,0,6201,4135,0.9243,0.5193,0.6,0.0
0.4,none,DT,0,6201,4135,0.9816,0.8265,0.2,0.0
0.4,none,RF,0,6201,4135,0.986,0.8639,0.9,0.0
0.4,none,NB,0,6201,4135,0.7804,0.6187,0.0,0.0
0.4,none,KNN,0,6201,4135,0.9625,0.7332,0.1,0.0
0.4,none,SVM,0,6201,4135,0.9284,0.484,1.1,0.0
0.4,linear,LR,5,6201,4135,0.8839,0.2639,0.5,0.7
0.4,linear,SGD,5,6201,4135,0.8496,0.2288,0.3,0.7
0.4,linear,DT,5,6201,4135,0.9611,0.7414,0.1,0.7
0.4,linear,RF,5,6201,4135,0.9732,0.7859,0.8,0.7
0.4,linear,NB,5,6201,4135,0.7052,0.3216,0.0,0.7
0.4,linear,KNN,5,6201,4135,0.955,0.7368,0.0,0.7
0.4,linear,SVM,5,6201,4135,0.8965,0.3517,0.7,0.7
0.4,poly,LR,5,6201,4135,0.8073,0.1332,1.0,0.9
0.4,poly,SGD,5,6201,4135,0.8399,0.2097,1.1,0.9
0.4,poly,DT,5,6201,4135,0.919,0.5914,0.0,0.9
0.4,poly,RF,5,6201,4135,0.9504,0.6514,0.7,0.9
0.4,poly,NB,5,6201,4135,0.1091,0.2089,0.0,0.9
0.4,poly,KNN,5,6201,4135,0.9453,0.636,0.0,0.9
0.4,poly,SVM,5,6201,4135,0.8092,0.1448,0.8,0.9
0.4,rbf,LR,5,6201,4135,0.8767,0.153,0.1,1.5
0.4,rbf,SGD,5,6201,4135,0.8767,0.1545,0.1,1.5
0.4,rbf,DT,5,6201,4135,0.9485,0.69,0.1,1.5
0.4,rbf,RF,5,6201,4135,0.9599,0.7426,0.7,1.5
0.4,rbf,NB,5,6201,4135,0.794,0.3123,0.0,1.5
0.4,rbf,KNN,5,6201,4135,0.9461,0.6716,0.0,1.5
0.4,rbf,SVM,5,6201,4135,0.9103,0.2315,0.7,1.5
0.4,sigmoid,LR,5,6201,4135,0.8762,0.1533,0.1,0.9
0.4,sigmoid,SGD,5,6201,4135,0.8774,0.1536,0.1,0.9
0.4,sigmoid,DT,5,6201,4135,0.9519,0.6866,0.1,0.9
0.4,sigmoid,RF,5,6201,4135,0.963,0.7517,0.7,0.9
0.4,sigmoid,NB,5,6201,4135,0.8755,0.4013,0.0,0.9
0.4,sigmoid,KNN,5,6201,4135,0.9557,0.7395,0.0,0.9
0.4,sigmoid,SVM,5,6201,4135,0.919,0.4056,0.6,0.9
0.4,cosine,LR,5,6201,4135,0.888,0.1883,0.1,0.7
0.4,cosine,SGD,5,6201,4135,0.8796,0.1579,0.1,0.7
0.4,cosine,DT,5,6201,4135,0.9553,0.7124,0.1,0.7
0.4,cosine,RF,5,6201,4135,0.9659,0.779,0.7,0.7
0.4,cosine,NB,5,6201,4135,0.837,0.4161,0.0,0.7
0.4,cosine,KNN,5,6201,4135,0.9572,0.7432,0.0,0.7
0.4,cosine,SVM,5,6201,4135,0.9195,0.2346,0.5,0.7
0.4,linear,LR,10,6201,4135,0.9083,0.4307,0.4,0.9
0.4,linear,SGD,10,6201,4135,0.8871,0.3967,0.3,0.9
0.4,linear,DT,10,6201,4135,0.9688,0.7569,0.1,0.9
0.4,linear,RF,10,6201,4135,0.9797,0.8114,0.8,0.9
0.4,linear,NB,10,6201,4135,0.7719,0.4116,0.0,0.9
0.4,linear,KNN,10,6201,4135,0.9613,0.7532,0.0,0.9
0.4,linear,SVM,10,6201,4135,0.9129,0.4113,0.7,0.9
0.4,poly,LR,10,6201,4135,0.8094,0.1487,1.1,0.8
0.4,poly,SGD,10,6201,4135,0.7923,0.158,1.7,0.8
0.4,poly,DT,10,6201,4135,0.9383,0.6769,0.1,0.8
0.4,poly,RF,10,6201,4135,0.9632,0.7649,0.8,0.8
0.4,poly,NB,10,6201,4135,0.1037,0.2433,0.0,0.8
0.4,poly,KNN,10,6201,4135,0.942,0.6261,0.0,0.8
0.4,poly,SVM,10,6201,4135,0.808,0.1167,1.0,0.8
0.4,rbf,LR,10,6201,4135,0.8909,0.1919,0.1,1.4
0.4,rbf,SGD,10,6201,4135,0.8808,0.1585,0.1,1.4
0.4,rbf,DT,10,6201,4135,0.9533,0.7205,0.1,1.4
0.4,rbf,RF,10,6201,4135,0.9632,0.7577,0.9,1.4
0.4,rbf,NB,10,6201,4135,0.7898,0.3749,0.0,1.4
0.4,rbf,KNN,10,6201,4135,0.9511,0.7019,0.0,1.4
0.4,rbf,SVM,10,6201,4135,0.9112,0.2169,0.6,1.4
0.4,sigmoid,LR,10,6201,4135,0.8909,0.1918,0.1,0.9
0.4,sigmoid,SGD,10,6201,4135,0.8817,0.1651,0.1,0.9
0.4,sigmoid,DT,10,6201,4135,0.9574,0.7566,0.1,0.9
0.4,sigmoid,RF,10,6201,4135,0.9717,0.7694,0.8,0.9
0.4,sigmoid,NB,10,6201,4135,0.9016,0.5689,0.0,0.9
0.4,sigmoid,KNN,10,6201,4135,0.9586,0.7388,0.0,0.9
0.4,sigmoid,SVM,10,6201,4135,0.926,0.494,0.6,0.9
0.4,cosine,LR,10,6201,4135,0.8999,0.2132,0.1,0.8
0.4,cosine,SGD,10,6201,4135,0.8892,0.2001,0.1,0.8
0.4,cosine,DT,10,6201,4135,0.9526,0.7196,0.1,0.8
0.4,cosine,RF,10,6201,4135,0.9678,0.7788,0.9,0.8
0.4,cosine,NB,10,6201,4135,0.8576,0.4514,0.0,0.8
0.4,cosine,KNN,10,6201,4135,0.9572,0.7339,0.0,0.8
0.4,cosine,SVM,10,6201,4135,0.927,0.375,0.5,0.8
0.4,linear,LR,15,6201,4135,0.9267,0.493,0.3,1.2
0.4,linear,SGD,15,6201,4135,0.8914,0.3373,0.3,1.2
0.4,linear,DT,15,6201,4135,0.9698,0.7851,0.2,1.2
0.4,linear,RF,15,6201,4135,0.9782,0.803,0.9,1.2
0.4,linear,NB,15,6201,4135,0.8268,0.4599,0.0,1.2
0.4,linear,KNN,15,6201,4135,0.9606,0.7375,0.1,1.2
0.4,linear,SVM,15,6201,4135,0.927,0.4467,0.7,1.2
0.4,poly,LR,15,6201,4135,0.8817,0.2809,0.8,0.9
0.4,poly,SGD,15,6201,4135,0.8278,0.183,2.2,0.9
0.4,poly,DT,15,6201,4135,0.9596,0.7331,0.2,0.9
0.4,poly,RF,15,6201,4135,0.9717,0.7688,0.8,0.9
0.4,poly,NB,15,6201,4135,0.1371,0.3167,0.0,0.9
0.4,poly,KNN,15,6201,4135,0.9473,0.683,0.1,0.9
0.4,poly,SVM,15,6201,4135,0.8326,0.1527,1.0,0.9
0.4,rbf,LR,15,6201,4135,0.8955,0.1961,0.1,1.7
0.4,rbf,SGD,15,6201,4135,0.8948,0.1961,0.1,1.7
0.4,rbf,DT,15,6201,4135,0.9511,0.7215,0.2,1.7
0.4,rbf,RF,15,6201,4135,0.9678,0.7676,0.9,1.7
0.4,rbf,NB,15,6201,4135,0.7891,0.4163,0.0,1.7
0.4,rbf,KNN,15,6201,4135,0.9521,0.6909,0.0,1.7
0.4,rbf,SVM,15,6201,4135,0.9212,0.2694,0.6,1.7
0.4,sigmoid,LR,15,6201,4135,0.9013,0.253,0.1,1.2
0.4,sigmoid,SGD,15,6201,4135,0.8984,0.2499,0.1,1.2
0.4,sigmoid,DT,15,6201,4135,0.9632,0.7489,0.2,1.2
0.4,sigmoid,RF,15,6201,4135,0.9748,0.7833,1.0,1.2
0.4,sigmoid,NB,15,6201,4135,0.8851,0.5811,0.0,1.2
0.4,sigmoid,KNN,15,6201,4135,0.9635,0.7653,0.0,1.2
0.4,sigmoid,SVM,15,6201,4135,0.9417,0.5577,0.6,1.2
0.4,cosine,LR,15,6201,4135,0.9067,0.2206,0.1,1.0
0.4,cosine,SGD,15,6201,4135,0.888,0.2034,0.1,1.0
0.4,cosine,DT,15,6201,4135,0.9654,0.7927,0.2,1.0
0.4,cosine,RF,15,6201,4135,0.9719,0.7826,1.0,1.0
0.4,cosine,NB,15,6201,4135,0.8312,0.5085,0.0,1.0
0.4,cosine,KNN,15,6201,4135,0.9572,0.7309,0.0,1.0
0.4,cosine,SVM,15,6201,4135,0.9335,0.4613,0.6,1.0
0.6,none,LR,0,4134,6202,0.9442,0.5859,0.2,0.0
0.6,none,SGD,0,4134,6202,0.9344,0.5104,0.6,0.0
0.6,none,DT,0,4134,6202,0.9739,0.7865,0.1,0.0
0.6,none,RF,0,4134,6202,0.9827,0.8385,0.7,0.0
0.6,none,NB,0,4134,6202,0.8152,0.6662,0.0,0.0
0.6,none,KNN,0,4134,6202,0.9571,0.711,0.1,0.0
0.6,none,SVM,0,4134,6202,0.927,0.4597,0.8,0.0
0.6,linear,LR,5,4134,6202,0.8796,0.2689,0.4,0.5
0.6,linear,SGD,5,4134,6202,0.8883,0.2884,0.2,0.5
0.6,linear,DT,5,4134,6202,0.9557,0.6899,0.0,0.5
0.6,linear,RF,5,4134,6202,0.9698,0.7531,0.6,0.5
0.6,linear,NB,5,4134,6202,0.6129,0.3364,0.0,0.5
0.6,linear,KNN,5,4134,6202,0.9487,0.6636,0.0,0.5
0.6,linear,SVM,5,4134,6202,0.8936,0.3425,0.6,0.5
0.6,poly,LR,5,4134,6202,0.8088,0.1516,0.4,0.5
0.6,poly,SGD,5,4134,6202,0.8091,0.1625,1.3,0.5
0.6,poly,DT,5,4134,6202,0.9323,0.6238,0.0,0.5
0.6,poly,RF,5,4134,6202,0.955,0.7223,0.6,0.5
0.6,poly,NB,5,4134,6202,0.0927,0.2283,0.0,0.5
0.6,poly,KNN,5,4134,6202,0.9365,0.6302,0.0,0.5
0.6,poly,SVM,5,4134,6202,0.8086,0.1251,0.7,0.5
0.6,rbf,LR,5,4134,6202,0.8783,0.1557,0.1,1.0
0.6,rbf,SGD,5,4134,6202,0.8757,0.1543,0.0,1.0
0.6,rbf,DT,5,4134,6202,0.9478,0.6732,0.0,1.0
0.6,rbf,RF,5,4134,6202,0.9579,0.7399,0.8,1.0
0.6,rbf,NB,5,4134,6202,0.8238,0.3483,0.0,1.0
0.6,rbf,KNN,5,4134,6202,0.9445,0.6454,0.0,1.0
0.6,rbf,SVM,5,4134,6202,0.8817,0.1607,0.5,1.0
0.6,sigmoid,LR,5,4134,6202,0.8702,0.1473,0.1,0.6
0.6,sigmoid,SGD,5,4134,6202,0.8741,0.1514,0.1,0.6
0.6,sigmoid,DT,5,4134,6202,0.9453,0.6939,0.1,0.6
0.6,sigmoid,RF,5,4134,6202,0.9582,0.7405,0.7,0.6
0.6,sigmoid,NB,5,4134,6202,0.8736,0.397,0.0,0.6
0.6,sigmoid,KNN,5,4134,6202,0.9484,0.7155,0.0,0.6
0.6,sigmoid,SVM,5,4134,6202,0.9192,0.3805,0.5,0.6
0.6,cosine,LR,5,4134,6202,0.8875,0.1892,0.1,0.5
0.6,cosine,SGD,5,4134,6202,0.875,0.1542,0.1,0.5
0.6,cosine,DT,5,4134,6202,0.9531,0.7252,0.0,0.5
0.6,cosine,RF,5,4134,6202,0.965,0.7683,0.6,0.5
0.6,cosine,NB,5,4134,6202,0.8431,0.4374,0.0,0.5
0.6,cosine,KNN,5,4134,6202,0.9534,0.7135,0.0,0.5
0.6,cosine,SVM,5,4134,6202,0.9136,0.221,0.4,0.5
0.6,linear,LR,10,4134,6202,0.9073,0.4218,0.3,0.5
0.6,linear,SGD,10,4134,6202,0.8976,0.3792,0.2,0.5
0.6,linear,DT,10,4134,6202,0.9582,0.7307,0.1,0.5
0.6,linear,RF,10,4134,6202,0.9776,0.7895,0.7,0.5
0.6,linear,NB,10,4134,6202,0.8036,0.4333,0.0,0.5
0.6,linear,KNN,10,4134,6202,0.9573,0.7062,0.1,0.5
0.6,linear,SVM,10,4134,6202,0.901,0.3677,0.6,0.5
0.6,poly,LR,10,4134,6202,0.8699,0.2383,0.6,0.6
0.6,poly,SGD,10,4134,6202,0.846,0.2105,1.2,0.6
0.6,poly,DT,10,4134,6202,0.9466,0.6433,0.1,0.6
0.6,poly,RF,10,4134,6202,0.9684,0.6989,0.7,0.6
0.6,poly,NB,10,4134,6202,0.1174,0.2608,0.0,0.6
0.6,poly,KNN,10,4134,6202,0.9399,0.6183,0.0,0.6
0.6,poly,SVM,10,4134,6202,0.8272,0.1556,0.7,0.6
0.6,rbf,LR,10,4134,6202,0.8763,0.1543,0.1,0.9
0.6,rbf,SGD,10,4134,6202,0.8789,0.1572,0.1,0.9
0.6,rbf,DT,10,4134,6202,0.9471,0.6927,0.1,0.9
0.6,rbf,RF,10,4134,6202,0.9574,0.731,0.7,0.9
0.6,rbf,NB,10,4134,6202,0.7548,0.3703,0.0,0.9
0.6,rbf,KNN,10,4134,6202,0.9479,0.6658,0.0,0.9
0.6,rbf,SVM,10,4134,6202,0.9065,0.2133,0.5,0.9
0.6,sigmoid,LR,10,4134,6202,0.8862,0.1801,0.1,0.6
0.6,sigmoid,SGD,10,4134,6202,0.8784,0.1715,0.1,0.6
0.6,sigmoid,DT,10,4134,6202,0.9587,0.7285,0.1,0.6
0.6,sigmoid,RF,10,4134,6202,0.9686,0.7672,0.8,0.6
0.6,sigmoid,NB,10,4134,6202,0.9036,0.5751,0.0,0.6
0.6,sigmoid,KNN,10,4134,6202,0.9555,0.7322,0.0,0.6
0.6,sigmoid,SVM,10,4134,6202,0.9233,0.4543,0.5,0.6
0.6,cosine,LR,10,4134,6202,0.8992,0.2088,0.1,0.5
0.6,cosine,SGD,10,4134,6202,0.8913,0.197,0.1,0.5
0.6,cosine,DT,10,4134,6202,0.9539,0.7426,0.1,0.5
0.6,cosine,RF,10,4134,6202,0.9663,0.7618,0.7,0.5
0.6,cosine,NB,10,4134,6202,0.8733,0.5001,0.0,0.5
0.6,cosine,KNN,10,4134,6202,0.9531,0.6992,0.0,0.5
0.6,cosine,SVM,10,4134,6202,0.9195,0.2642,0.5,0.5
0.6,linear,LR,15,4134,6202,0.9197,0.4744,0.2,0.6
0.6,linear,SGD,15,4134,6202,0.9002,0.3767,0.2,0.6
0.6,linear,DT,15,4134,6202,0.9639,0.734,0.1,0.6
0.6,linear,RF,15,4134,6202,0.9768,0.7976,0.7,0.6
0.6,linear,NB,15,4134,6202,0.8322,0.4857,0.0,0.6
0.6,linear,KNN,15,4134,6202,0.9568,0.7008,0.1,0.6
0.6,linear,SVM,15,4134,6202,0.921,0.4178,0.6,0.6
0.6,poly,LR,15,4134,6202,0.8775,0.2856,0.3,0.6
0.6,poly,SGD,15,4134,6202,0.8473,0.2076,1.2,0.6
0.6,poly,DT,15,4134,6202,0.9386,0.7043,0.1,0.6
0.6,poly,RF,15,4134,6202,0.9645,0.714,0.7,0.6
0.6,poly,NB,15,4134,6202,0.1277,0.2882,0.0,0.6
0.6,poly,KNN,15,4134,6202,0.9445,0.6223,0.1,0.6
0.6,poly,SVM,15,4134,6202,0.8388,0.1633,0.8,0.6
0.6,rbf,LR,15,4134,6202,0.8957,0.2002,0.1,1.0
0.6,rbf,SGD,15,4134,6202,0.8962,0.2014,0.1,1.0
0.6,rbf,DT,15,4134,6202,0.9476,0.6911,0.1,1.0
0.6,rbf,RF,15,4134,6202,0.9611,0.7429,0.7,1.0
0.6,rbf,NB,15,4134,6202,0.756,0.4186,0.0,1.0
0.6,rbf,KNN,15,4134,6202,0.9486,0.6702,0.0,1.0
0.6,rbf,SVM,15,4134,6202,0.9112,0.2244,0.5,1.0
0.6,sigmoid,LR,15,4134,6202,0.8957,0.1981,0.1,0.7
0.6,sigmoid,SGD,15,4134,6202,0.8842,0.1846,0.1,0.7
0.6,sigmoid,DT,15,4134,6202,0.9532,0.704,0.2,0.7
0.6,sigmoid,RF,15,4134,6202,0.9726,0.7798,0.7,0.7
0.6,sigmoid,NB,15,4134,6202,0.8813,0.5593,0.0,0.7
0.6,sigmoid,KNN,15,4134,6202,0.9592,0.7433,0.1,0.7
0.6,sigmoid,SVM,15,4134,6202,0.9331,0.5054,0.5,0.7
0.6,cosine,LR,15,4134,6202,0.9068,0.2175,0.1,0.6
0.6,cosine,SGD,15,4134,6202,0.8971,0.2433,0.1,0.6
0.6,cosine,DT,15,4134,6202,0.9587,0.7657,0.1,0.6
0.6,cosine,RF,15,4134,6202,0.9682,0.7768,0.8,0.6
0.6,cosine,NB,15,4134,6202,0.8618,0.5593,0.0,0.6
0.6,cosine,KNN,15,4134,6202,0.9555,0.699,0.0,0.6
0.6,cosine,SVM,15,4134,6202,0.9252,0.2977,0.5,0.6
