model,split,test_size,n_train,n_test,accuracy,macro_f1,weighted_f1,macro_prec,macro_recall,fit_seconds,pred_seconds,flows_per_sec,recall::BENIGN,recall::Bot,recall::DDoS,recall::DoS GoldenEye,recall::DoS Hulk,recall::DoS Slowhttptest,recall::DoS slowloris,recall::FTP-Patator,recall::Heartbleed,recall::Infiltration,recall::PortScan,recall::SSH-Patator,recall::Web Attack - Brute Force,recall::Web Attack - Sql Injection,recall::Web Attack - XSS,f1::BENIGN,f1::Bot,f1::DDoS,f1::DoS GoldenEye,f1::DoS Hulk,f1::DoS Slowhttptest,f1::DoS slowloris,f1::FTP-Patator,f1::Heartbleed,f1::Infiltration,f1::PortScan,f1::SSH-Patator,f1::Web Attack - Brute Force,f1::Web Attack - Sql Injection,f1::Web Attack - XSS,sample
naive_bayes,80/20,0.2,320044,80011,0.7118521203334541,0.461887769581301,0.8140486305661344,0.4266749250554137,0.8387470580158234,0.95,0.38,210389,0.6642651728476424,1.0,0.9773812515707464,0.959375,0.9324274013402828,0.7962962962962963,0.6227544910179641,1.0,1.0,0.8571428571428571,0.9854764434998228,0.91,0.8260869565217391,1.0,0.05,0.7980673198909494,0.0074204732072258,0.9639360515553352,0.2989289191820837,0.9103962195565248,0.2111292962356792,0.1005316578057032,0.8269662921348314,1.0,0.0126448893572181,0.9792326645547342,0.4918918918918919,0.1904761904761904,0.1176470588235294,0.019047619047619,400000
lda,80/20,0.2,320044,80011,0.9065753458899402,0.4537507679035484,0.9161555238014744,0.4215411167734436,0.6102779247449992,4.18,0.1,766555,0.9370019771134144,0.0,0.5629555164614225,0.759375,0.7946760982874163,0.7592592592592593,0.3473053892215569,0.6684782608695652,1.0,0.5714285714285714,0.987601842012044,0.89,0.8260869565217391,0.0,0.05,0.9504694764350178,0.0,0.6595024289709995,0.6864406779661016,0.8599053278275758,0.5103734439834025,0.3959044368600682,0.3319838056680162,0.6666666666666666,0.5714285714285714,0.7543290043290043,0.3423076923076923,0.0649017933390264,0.0,0.0120481927710843,400000
qda,80/20,0.2,320044,80011,0.3967329492194823,0.3080659544349231,0.5135758771118306,0.314498010383259,0.6112009872608237,1.5,1.58,50557,0.3187795818105566,0.1967213114754098,0.625031414928374,0.225,0.8680193596425912,0.8641975308641975,0.5748502994011976,0.2989130434782608,1.0,0.5714285714285714,0.9872476089266736,0.99,0.8478260869565217,0.75,0.05,0.4832432677898369,0.0009803921568627,0.6838993537742335,0.2656826568265683,0.809900130264872,0.4022988505747126,0.188050930460333,0.0473933649289099,1.0,0.0337552742616033,0.5495415557527359,0.1021671826625387,0.0458015267175572,0.0006119951040391,0.0076628352490421,400000
sgd,80/20,0.2,320044,80011,0.9612053342665384,0.4091948145698384,0.9593695971144712,0.4789136754401019,0.3841270942016779,9.13,0.09,894898,0.9792103528847882,0.0,0.9065091731590852,0.496875,0.8901712583767685,0.691358024691358,0.5269461077844312,0.0,0.0,0.2857142857142857,0.9851222104144528,0.0,0.0,0.0,0.0,0.9771905174733192,0.0,0.9473407747866054,0.62109375,0.93718765311122,0.7225806451612903,0.6795366795366795,0.0,0.0,0.4444444444444444,0.8085477540340166,0.0,0.0,0.0,0.0,400000
decision_tree,80/20,0.2,320044,80011,0.99797527839922,0.8918645430958629,0.9979642853064348,0.921273373522675,0.8745015382676872,34.88,0.08,1009361,0.9991312683482116,0.7377049180327869,0.9994973611460166,1.0,0.9972077438570364,0.9876543209876544,0.9880239520958084,1.0,1.0,0.8571428571428571,0.9872476089266736,0.99,0.6739130434782609,0.5,0.4,0.9990190425555814,0.7627118644067796,0.9993717803744188,0.995334370139969,0.9975791433891992,0.9907120743034056,0.990990990990991,1.0,1.0,0.9230769230769232,0.9882978723404257,0.9850746268656716,0.6888888888888889,0.6666666666666666,0.3902439024390244,400000
lightgbm,80/20,0.2,320044,80011,0.9377585581982476,0.2872778574818705,0.941007728995522,0.3034689088463835,0.2751134938936529,37.71,2.11,37878,0.9680965789946678,0.0,0.8471977883890425,0.0,0.8266939687267312,0.0,0.0,0.6086956521739131,0.0,0.0,0.8760184201204393,0.0,0.0,0.0,0.0,0.9676979855221098,0.0,0.8466658294612583,0.0,0.8571704304188381,0.0,0.0,0.7249190938511327,0.0,0.0,0.9127145229747186,0.0,0.0,0.0,0.0,400000
xgboost,80/20,0.2,320044,80011,0.998050268088138,0.8596636805765879,0.9980272766182328,0.9070649565229328,0.8440626514040027,86.13,1.01,78882,0.9989065963693008,0.6557377049180327,0.9989947222920332,0.996875,0.9972077438570364,0.9876543209876544,0.9820359281437124,0.9945652173913044,1.0,0.8571428571428571,0.9996457669146298,0.99,0.6521739130434783,0.25,0.3,0.999138557420766,0.7207207207207207,0.9987437185929648,0.9755351681957186,0.9975791433891992,0.98159509202454,0.9761904761904762,0.9945652173913044,1.0,0.9230769230769232,0.9945374449339208,0.9949748743718592,0.6382978723404256,0.4,0.3,400000
random_forest,80/20,0.2,320044,80011,0.9981127594955692,0.8752071207595802,0.9980747883588368,0.9311246772315324,0.8519298688096365,59.23,0.75,106180,0.9994308309867592,0.7049180327868853,0.9987434028650416,1.0,0.996090841399851,0.9876543209876544,0.9820359281437124,1.0,1.0,0.8571428571428571,0.9890187743535246,0.99,0.6739130434782609,0.25,0.35,0.9990567308988006,0.7962962962962963,0.9993713064252484,0.998439937597504,0.9974834560536864,0.9907120743034056,0.9909365558912386,1.0,1.0,0.9230769230769232,0.9898954086154936,0.9949748743718592,0.6888888888888889,0.4,0.358974358974359,400000
hist_gb,80/20,0.2,320044,80011,0.9913136943670244,0.6317986446024509,0.9930628705158864,0.6160592245926664,0.697848736468017,14.49,0.67,119765,0.9929902342579834,0.5901639344262295,0.9979894445840664,0.975,0.9903201787043932,0.8148148148148148,0.8622754491017964,0.9945652173913044,0.0,0.2857142857142857,0.9943322706340773,0.85,0.3695652173913043,0.25,0.5,0.9957194995569306,0.549618320610687,0.9987424547283702,0.9299552906110284,0.9901358645077238,0.7880597014925373,0.8421052631578947,0.9891891891891892,0.0,0.025,0.9915224302366656,0.8542713567839196,0.34,0.0408163265306122,0.1418439716312056,400000
catboost,80/20,0.2,320044,80011,0.9985127045031308,0.8970791223322951,0.9984702995324504,0.9352314158010662,0.8745166106911104,886.54,0.8,100615,0.999266071535558,0.7049180327868853,0.9994973611460166,0.996875,0.99795234549516,0.9938271604938272,0.9760479041916168,1.0,1.0,0.8571428571428571,0.997874601487779,0.99,0.8043478260869565,0.5,0.3,0.9993034907843592,0.7818181818181819,0.9996229734824684,0.9937694704049844,0.9976737694240252,0.9877300613496932,0.987878787878788,1.0,1.0,0.9230769230769232,0.9941768131286396,0.99,0.7708333333333334,0.6666666666666666,0.3636363636363636,400000
mlp,80/20,0.2,320044,80011,0.9959505567984402,0.7468132885970361,0.9955276464639724,0.8669882158935154,0.7326961072609631,144.06,0.24,327132,0.9980827991132946,0.4754098360655737,0.998240764011058,0.9875,0.9899478778853312,0.9753086419753086,0.9640718562874252,0.9891304347826086,1.0,0.5714285714285714,0.996103436060928,0.93,0.0652173913043478,0.0,0.05,0.9976643909450232,0.6304347826086957,0.9984917043740572,0.9723076923076924,0.99087013228992,0.9266862170087976,0.972809667673716,0.986449864498645,1.0,0.5714285714285714,0.9908386187455956,0.9489795918367347,0.12,0.0,0.0952380952380952,400000
logistic,80/20,0.2,320044,80011,0.9748534576495732,0.6372545073083337,0.9749247746121974,0.7858032464193289,0.621733882306865,70.53,0.14,591633,0.9821310886106284,0.0163934426229508,0.9741140990198542,0.840625,0.936336559940432,0.8024691358024691,0.5688622754491018,0.7010869565217391,1.0,0.5714285714285714,0.9925611052072264,0.89,0.0,0.0,0.05,0.9851930314845282,0.032258064516129,0.9838812031983756,0.890728476821192,0.9653584109010652,0.8099688473520249,0.7011070110701108,0.8138801261829653,1.0,0.5333333333333333,0.8303452363313083,0.9175257731958762,0.0,0.0,0.0952380952380952,400000
naive_bayes,60/40,0.4,240033,160022,0.7091462423916711,0.4759012499072248,0.8121108632455695,0.4368481102995962,0.8302836042031244,1.3,1.3,122704,0.6614368414351939,1.0,0.977378408948096,0.94679186228482,0.9345681310498885,0.7938461538461539,0.6137724550898204,1.0,1.0,0.7857142857142857,0.9808680248007086,0.91,0.0109890109890109,0.8888888888888888,0.95,0.796068375298004,0.0072333811573409,0.9634539147670962,0.2907256126862085,0.9079072290790724,0.2179054054054054,0.0981800766283524,0.8282828282828283,1.0,0.012621916236374,0.9772326156018356,0.5062586926286509,0.0028169014084507,0.1167883211678832,0.4130434782608695,400000
lda,60/40,0.4,240033,160022,0.908012648260864,0.4545418916384517,0.9175078862697272,0.4367224835585571,0.5980766355411035,3.76,0.18,869628,0.9376839488051284,0.0,0.5715722005781073,0.7777777777777778,0.8003536857781087,0.7415384615384616,0.3473053892215569,0.6747967479674797,1.0,0.2857142857142857,0.9881310894596989,0.9,0.8351648351648352,0.1111111111111111,0.0,0.9512731582606184,0.0,0.6683321087435709,0.6826923076923077,0.8630934457492723,0.5005192107995846,0.3972602739726027,0.342032967032967,0.8333333333333334,0.3809523809523809,0.7550592216582064,0.3596403596403596,0.068314606741573,0.015625,0.0,400000
qda,60/40,0.4,240033,160022,0.3664808588819037,0.3108519920479117,0.4793982416714841,0.3213315532809426,0.5863711021339817,1.92,2.82,56783,0.2817140845808775,0.2479338842975206,0.6301369863013698,0.2378716744913928,0.8790953090096798,0.8553846153846154,0.5718562874251497,0.2981029810298103,1.0,0.2857142857142857,0.9842338352524358,0.985,0.0329670329670329,0.5555555555555556,0.95,0.439368809568305,0.0009524414248523,0.6940753045404208,0.288698955365622,0.8082666552565145,0.3954480796586059,0.1848089017900338,0.0477016478751084,1.0,0.0181818181818181,0.6052946944111559,0.1070943191084533,0.0023112480739599,0.0007882084023015,0.0697887970615243,400000
sgd,60/40,0.4,240033,160022,0.9611303445776206,0.3566903235568636,0.9586386885579672,0.4663948870429645,0.3311207544830077,6.3,0.14,1162534,0.9801466348134114,0.0,0.9171798416488628,0.5273865414710485,0.8891474311243485,0.1661538461538461,0.3562874251497006,0.002710027100271,0.0,0.1428571428571428,0.9849424269264836,0.0,0.0,0.0,0.0,0.977197383746976,0.0,0.9521200260926288,0.6406844106463878,0.937763816629037,0.2547169811320754,0.5185185185185185,0.005,0.0,0.25,0.8143537165873307,0.0,0.0,0.0,0.0,400000
decision_tree,60/40,0.4,240033,160022,0.997925285273275,0.886747154041075,0.997924970208292,0.903237234387228,0.876151803312742,20.78,0.13,1204013,0.9991013188146396,0.7933884297520661,0.9994972979766245,0.9874804381846636,0.9967423678332092,0.9846153846153848,0.9850299401197604,0.997289972899729,1.0,0.6428571428571429,0.987422497785651,0.985,0.7032967032967034,0.5555555555555556,0.525,0.999000318250744,0.7933884297520661,0.9994972979766245,0.9859375,0.9973921952128156,0.9770992366412212,0.9894736842105264,0.9945945945945946,1.0,0.782608695652174,0.9883854951680112,0.9899497487437184,0.7272727272727273,0.5882352941176471,0.4883720930232558,400000
lightgbm,60/40,0.4,240033,160022,0.1910299833772856,0.0491526673993052,0.2424722832777705,0.1081124787012804,0.1117934296422343,39.74,7.68,20838,0.1557414494229718,0.0,0.4146034937790624,0.0359937402190923,0.0799516008935219,0.0,0.0,0.0,0.0,0.0,0.9906111603188662,0.0,0.0,0.0,0.0,0.2645178933711531,0.0,0.1788512103223008,0.0578616352201257,0.1348191163776191,0.0,0.0,0.0,0.0,0.0,0.1012401556983796,0.0,0.0,0.0,0.0,400000
xgboost,60/40,0.4,240033,160022,0.9983377285623228,0.8627423150435798,0.9983180972824828,0.9145673354479495,0.8420260807405985,58.98,1.89,84773,0.9991387638640296,0.7933884297520661,0.9996229734824684,0.9984350547730828,0.9972077438570364,0.9846153846153848,0.9820359281437124,0.991869918699187,1.0,0.5714285714285714,0.9980513728963684,0.995,0.7362637362637363,0.3333333333333333,0.25,0.9992772104066722,0.8135593220338984,0.9996857914912336,0.9860896445131376,0.9977649469174892,0.9846153846153848,0.9894419306184012,0.9945652173913044,1.0,0.7272727272727273,0.9933879925945516,0.9974937343358397,0.6802030456852792,0.5,0.2777777777777778,400000
random_forest,60/40,0.4,240033,160022,0.9979377835547611,0.861068491770272,0.9978900988821664,0.9038293856157638,0.8386514404446611,47.7,1.87,85693,0.9994158572295156,0.7024793388429752,0.9991202714590928,0.9984350547730828,0.9947877885331348,0.9846153846153848,0.9880239520958084,0.991869918699187,1.0,0.6428571428571429,0.9867139061116031,0.975,0.7692307692307693,0.2222222222222222,0.325,0.9989707197850114,0.776255707762557,0.9995599421638272,0.9937694704049844,0.9969219289245406,0.9891808346213292,0.9924812030075189,0.9959183673469388,1.0,0.75,0.9886403975860844,0.9873417721518988,0.7368421052631579,0.3333333333333333,0.3768115942028985,400000
hist_gb,60/40,0.4,240033,160022,0.9868018147504718,0.6179297903759248,0.9903626557804124,0.5939929716603631,0.6869598615347051,14.02,1.89,84835,0.9877180238000732,0.71900826446281,0.9969837878597462,0.8685446009389671,0.9908786299329858,0.6984615384615385,0.9191616766467066,1.0,0.0,0.0,0.9943312666076174,0.995,0.912087912087912,0.2222222222222222,0.0,0.99263552034922,0.4715447154471545,0.99817552689525,0.8922829581993569,0.993560429304713,0.6776119402985075,0.8319783197831978,0.9919354838709676,0.0,0.0,0.9902964008468595,0.9851485148514852,0.4181360201511335,0.0256410256410256,0.0,400000
catboost,60/40,0.4,240033,160022,0.9985377010661034,0.8767772154455918,0.99850548012923,0.9167124621402394,0.855155490646346,659.83,0.89,179786,0.9992735660418336,0.768595041322314,0.9996229734824684,1.0,0.997300819061802,0.9938461538461538,0.9850299401197604,0.991869918699187,1.0,0.6428571428571429,0.9984056687333924,0.99,0.8021978021978022,0.3333333333333333,0.325,0.9993409227082084,0.8303571428571429,0.9997486173956762,0.9899302865995352,0.9978116124225916,0.9847560975609756,0.9924585218702866,0.9945652173913044,1.0,0.782608695652174,0.9941788675251368,0.9949748743718592,0.7525773195876289,0.4615384615384615,0.3768115942028985,400000
mlp,60/40,0.4,240033,160022,0.995225656472235,0.7329878100988463,0.9947541125779344,0.8334450559035533,0.713673379615966,81.97,0.27,596385,0.9977532970365988,0.4049586776859504,0.9989945959532488,0.9859154929577464,0.985759493670886,0.9784615384615384,0.9730538922155688,0.991869918699187,1.0,0.3571428571428571,0.9902568644818424,0.975,0.0659340659340659,0.0,0.0,0.9972193217839752,0.5697674418604651,0.9989318253220232,0.9851446442533228,0.9916202424980104,0.9217391304347826,0.9687034277198212,0.9878542510121456,1.0,0.5263157894736842,0.9784701557850516,0.9466019417475728,0.1224489795918367,0.0,0.0,400000
logistic,60/40,0.4,240033,160022,0.9750909249978128,0.612122197087634,0.975146564412179,0.6982962013962681,0.5809896553565953,33.05,0.14,1154253,0.9821761564903504,0.0165289256198347,0.97461354781953,0.8528951486697965,0.9378257632166792,0.8215384615384616,0.5778443113772455,0.7018970189701897,0.6,0.3571428571428571,0.992382639503986,0.9,0.0,0.0,0.0,0.9852752255670164,0.032,0.9840121811952798,0.895645028759244,0.9663373933058406,0.8090909090909091,0.7255639097744361,0.815748031496063,0.75,0.4545454545454545,0.8309723355336349,0.932642487046632,0.0,0.0,0.0,400000
naive_bayes,40/60,0.6,160022,240033,0.7291414097228298,0.4685000144029522,0.8266685003398614,0.4348488985016662,0.8180548799187051,0.53,1.25,192307,0.6856155731852835,1.0,0.9764577747989276,0.9311783107403544,0.9353437577562672,0.7371663244353183,0.5988023952095808,0.9945750452079566,0.8571428571428571,0.7727272727272727,0.9818138875767596,0.9166666666666666,0.0,0.9166666666666666,0.9666666666666668,0.8133091693022044,0.0078180373289804,0.9624674842066148,0.3120195667365478,0.9123040610058706,0.1438589461029853,0.1312048983162038,0.8270676691729323,0.9230769230769232,0.0154686078252957,0.9747347441233366,0.5298651252408478,0.0,0.1083743842364532,0.3659305993690852,400000
lda,40/60,0.6,160022,240033,0.9077918452879395,0.4294923712419156,0.9171423661228006,0.399118267124782,0.5839780790689911,1.32,0.2,1171926,0.93743166261427,0.0,0.5747319034852547,0.7643378519290928,0.799391908662199,0.7371663244353183,0.3273453093812375,0.674502712477396,0.8571428571428571,0.3181818181818182,0.987954652810581,0.9066666666666666,0.8248175182481752,0.0,0.05,0.9509245331753194,0.0,0.6688115433362581,0.6718606782768103,0.864514830224131,0.5,0.3809523809523809,0.3418881759853345,0.5454545454545454,0.3333333333333333,0.7522704792734466,0.3553233180927498,0.0664510438106439,0.0,0.0106007067137809,400000
qda,40/60,0.6,160022,240033,0.5917602996254682,0.3182066696700084,0.701577843958522,0.3139225576149933,0.5943568299165807,0.63,4.19,57239,0.5449716165817078,0.2252747252747252,0.7350033512064343,0.2294056308654848,0.8826011417225118,0.8069815195071869,0.5528942115768463,0.3019891500904159,0.8571428571428571,0.3181818181818182,0.9868918280585736,0.9866666666666668,0.8540145985401459,0.5833333333333334,0.05,0.7051542528965823,0.0055824086050786,0.7629359074702148,0.2748282323547782,0.8154794324208112,0.3764367816091954,0.1901819430140748,0.0231574568397698,0.9230769230769232,0.015200868621064,0.5091385402705008,0.114087492773174,0.0501177982437352,0.0004316058821715,0.0072904009720534,400000
sgd,40/60,0.6,160022,240033,0.9619260684989148,0.3635627261189009,0.9596369716687428,0.449537304151862,0.3379806640780358,4.46,0.21,1156651,0.9784315977093558,0.0,0.9002178284182306,0.5119916579770595,0.9352817076197568,0.1683778234086242,0.3592814371257485,0.0036166365280289,0.0,0.2272727272727272,0.9852385451110062,0.0,0.0,0.0,0.0,0.9775677158677109,0.0,0.9434127924843058,0.6343669250645995,0.9572893842685212,0.2481089258698941,0.5194805194805194,0.0065040650406504,0.0,0.3571428571428571,0.8095677065644559,0.0,0.0,0.0,0.0,400000
decision_tree,40/60,0.6,160022,240033,0.9976003299546312,0.8424212810671257,0.9975945088375422,0.861539235867511,0.8288712110524756,8.89,0.15,1640398,0.998936557942614,0.7912087912087912,0.9987432975871312,0.9874869655891554,0.9965872424919336,0.971252566735113,0.9700598802395208,0.992766726943942,0.8571428571428571,0.6818181818181818,0.9876003778932452,0.98,0.6861313868613139,0.1666666666666666,0.3666666666666666,0.9988617529005333,0.784741144414169,0.9990781092859538,0.9844074844074844,0.9972988916141452,0.9643221202854232,0.972,0.9963702359346642,0.9230769230769232,0.7894736842105263,0.9874254678552452,0.9882352941176472,0.6738351254480287,0.2105263157894736,0.3666666666666666,400000
lightgbm,40/60,0.6,160022,240033,0.8346727324992813,0.1446515622405496,0.8385471364432117,0.1578107556319205,0.1355129264471587,18.93,5.7,42085,0.921759622153545,0.0,0.3631869973190348,0.0,0.7044551998014396,0.0,0.0159680638722554,0.0253164556962025,0.0,0.0,0.0020075578649031,0.0,0.0,0.0,0.0,0.9158473306678044,0.0,0.4384101941747573,0.0,0.7802749140893471,0.0,0.0137575236457437,0.0196353436185133,0.0,0.0,0.001848127412078,0.0,0.0,0.0,0.0,400000
xgboost,40/60,0.6,160022,240033,0.9983252302808364,0.868035564070872,0.9983066614450952,0.9042338041114416,0.8517567390782452,39.66,2.48,96871,0.9990963238855076,0.7582417582417582,0.9994135388739946,0.9927007299270072,0.9975800446760984,0.9876796714579056,0.9880239520958084,0.9945750452079566,1.0,0.7272727272727273,0.9978743504959848,0.9966666666666668,0.7372262773722628,0.25,0.35,0.9992310227397562,0.7688022284122563,0.9997066834276136,0.9875518672199172,0.9979206107817884,0.9886947584789312,0.99,0.9963768115942028,1.0,0.8421052631578947,0.9930078147952288,0.9933554817275748,0.7137809187279152,0.375,0.375,400000
random_forest,40/60,0.6,160022,240033,0.9977044823003504,0.8353838985746461,0.997648486075654,0.8561225064892106,0.8177944231579065,28.09,1.65,145190,0.9991911849141007,0.6538461538461539,0.9984919571045576,0.986444212721585,0.9947877885331348,0.9774127310061602,0.9900199600798404,0.9891500904159132,0.8571428571428571,0.7272727272727273,0.9897260273972602,0.9766666666666668,0.6934306569343066,0.0,0.4333333333333333,0.9988221613339522,0.7391304347826086,0.999119755208115,0.9879895561357702,0.9962095320946996,0.9855072463768116,0.991008991008991,0.9945454545454544,0.9230769230769232,0.7804878048780488,0.9894339177144208,0.988195615514334,0.7089552238805971,0.0,0.4482758620689655,400000
hist_gb,40/60,0.6,160022,240033,0.9865935100590336,0.583674650029876,0.9892951755664072,0.5512729113614729,0.6660408791208748,6.37,2.15,111829,0.9893506013689944,0.7307692307692307,0.996229892761394,0.8310740354535975,0.9888930255646562,0.8090349075975359,0.7125748502994012,0.992766726943942,0.0,0.0,0.9671705243268776,0.9666666666666668,0.8394160583941606,0.1666666666666666,0.0,0.9935994664968548,0.4674868189806678,0.9953126307859712,0.8380651945320715,0.9907988809449798,0.6973451327433628,0.680648236415634,0.9219143576826196,0.0,0.0,0.970724191063174,0.8734939759036144,0.3155006858710562,0.0102301790281329,0.0,400000
catboost,40/60,0.6,160022,240033,0.99827940324872,0.862558139191216,0.9982094968663712,0.9397062711930856,0.8407133764816231,437.11,1.37,175831,0.9992261337141088,0.6978021978021978,0.999162198391421,0.97288842544317,0.9968354430379748,0.9917864476386036,0.9840319361277444,0.9945750452079566,1.0,0.7272727272727273,0.9978743504959848,0.99,0.8759124087591241,0.1666666666666666,0.2166666666666666,0.999221144916972,0.79375,0.99932964638847,0.9774751178627552,0.9970210389126792,0.9877300613496932,0.986986986986987,0.99728014505893,1.0,0.8421052631578947,0.993066165236808,0.9949748743718592,0.7741935483870968,0.2857142857142857,0.3095238095238095,400000
mlp,40/60,0.6,160022,240033,0.98360225468998,0.7175482626277072,0.983251655459772,0.7631437164056838,0.7043019486228748,33.26,0.45,535160,0.9912777780551492,0.6593406593406593,0.9988270777479892,0.9708029197080292,0.9552618515760736,0.9794661190965092,0.8782435129740519,0.9855334538878844,0.8571428571428571,0.4545454545454545,0.877420878601795,0.9066666666666666,0.0,0.0,0.05,0.990328453500262,0.6201550387596899,0.9969060958274104,0.9607843137254902,0.9712933753943218,0.9120458891013384,0.9157127991675338,0.961199294532628,0.9230769230769232,0.6060606060606061,0.8650599604144836,0.951048951048951,0.0,0.0,0.0895522388059701,400000
logistic,40/60,0.6,160022,240033,0.9746284885828198,0.6252717682317229,0.9748853710435303,0.7052290226892449,0.6023849104572105,20.29,0.24,981239,0.9811875602242714,0.0219780219780219,0.9692526809651476,0.8373305526590198,0.9394390667659468,0.813141683778234,0.8602794411177644,0.6943942133815552,0.5714285714285714,0.4545454545454545,0.992796410014171,0.9,0.0,0.0,0.0,0.984991441939259,0.0425531914893617,0.9809640903887736,0.8790366721401204,0.9671649418678931,0.7951807228915663,0.9121693121693122,0.807570977917981,0.7272727272727273,0.5263157894736842,0.824822173166544,0.9310344827586208,0.0,0.0,0.0,400000
naive_bayes,60/40,0.4,60053,40036,0.7042411829353582,0.4311593462872818,0.8004552783840032,0.4199945460558677,0.7244234792514592,0.22,0.2,203392,0.6958332085193062,1.0,0.972347913524384,0.89375,0.9333581533879376,0.654320987654321,0.6071428571428571,1.0,1.0,0.9285714285714286,0.0510276399716513,0.88,0.0,0.25,1.0,0.8203923784633315,0.0071329958582604,0.9609937888198756,0.2721217887725975,0.9045643153526972,0.1955719557195571,0.103763987792472,0.8177777777777778,1.0,0.0548523206751054,0.0930833872010342,0.5086705202312138,0.0,0.0727272727272727,0.6557377049180327,100000
lda,60/40,0.4,60053,40036,0.9029623338994904,0.4668332590436364,0.9137217899079036,0.4797412777893577,0.6047642619457979,0.73,0.09,434664,0.9332893987957944,0.0,0.567621920563097,0.7375,0.7918838421444527,0.8395061728395061,0.2738095238095238,0.6739130434782609,1.0,0.2857142857142857,0.988660524450744,0.86,0.8695652173913043,0.25,0.0,0.9486777400545042,0.0,0.6579254079254079,0.6327077747989276,0.8597413096200485,0.5738396624472574,0.3262411347517731,0.3237597911227154,1.0,0.4444444444444444,0.749798441279226,0.3771929824561403,0.0907029478458049,0.0174672489082969,0.0,100000
qda,60/40,0.4,60053,40036,0.5833999400539515,0.3314348196146967,0.7036715275182985,0.3243503255869304,0.5794730738705565,0.4,1.04,38481,0.5430308839828655,0.6129032258064516,0.6440422322775264,0.175,0.8633655994043187,0.8888888888888888,0.5357142857142857,0.0108695652173913,1.0,0.3571428571428571,0.9815733522324592,0.96,0.8695652173913043,0.25,0.0,0.70339903771535,0.0044779637049257,0.7055907463508675,0.2066420664206642,0.8133988074359874,0.4222873900293255,0.1771653543307086,0.0025974025974025,1.0,0.0505050505050505,0.7152078492124968,0.0787530762920426,0.09009009009009,0.0014074595355383,0.0,100000
sgd,60/40,0.4,60053,40036,0.96096013587771,0.3895208006113114,0.9588070569589556,0.4676285432872635,0.3707654362329756,2.12,0.06,707682,0.9796303507773416,0.0,0.9089994972347912,0.55,0.890915860014892,0.6172839506172839,0.4880952380952381,0.0,0.0,0.1428571428571428,0.9836995038979448,0.0,0.0,0.0,0.0,0.9774343953613486,0.0,0.947340843594446,0.6263345195729537,0.9360453745354976,0.6410256410256411,0.6507936507936508,0.0,0.0,0.25,0.8138375842861331,0.0,0.0,0.0,0.0,100000
decision_tree,60/40,0.4,60053,40036,0.9957787990808272,0.8365332018072382,0.9958071910949754,0.8174261670234741,0.8654211614553107,3.8,0.03,1153365,0.9979330797112302,0.6129032258064516,0.9994972347913524,0.96875,0.996276991809382,0.9629629629629628,0.9166666666666666,0.9891304347826086,1.0,0.9285714285714286,0.9773210489014884,0.94,0.391304347826087,0.75,0.55,0.9980825693570616,0.6129032258064516,0.9992460417190248,0.9627329192546584,0.9953505672307978,0.9176470588235294,0.927710843373494,0.9891304347826086,0.7272727272727273,0.8387096774193549,0.980447920369712,0.9690721649484536,0.4,0.7058823529411765,0.5238095238095238,100000
lightgbm,60/40,0.4,60053,40036,0.8327005694874613,0.0842529107674828,0.7734340470100399,0.1170227559139352,0.0804687932061313,8.32,0.83,48360,0.989455710990624,0.0,0.0,0.0,0.0,0.0,0.0,0.0,0.0,0.0,0.2175761871013465,0.0,0.0,0.0,0.0,0.9127359142280804,0.0,0.0,0.0,0.0,0.0,0.0,0.0,0.0,0.0,0.3510577472841624,0.0,0.0,0.0,0.0,100000
xgboost,60/40,0.4,60053,40036,0.9972524727745028,0.8964711936402595,0.9972114759063876,0.9056398130717134,0.8901500171960826,17.67,0.4,101098,0.9989815175388672,0.6129032258064516,0.9994972347913524,0.9625,0.9970215934475056,0.9876543209876544,0.9166666666666666,1.0,1.0,1.0,0.9872430900070872,0.98,0.4347826086956521,0.875,0.6,0.998861832449756,0.7037037037037037,0.9994972347913524,0.9655172413793104,0.996279761904762,0.963855421686747,0.9506172839506172,0.989247311827957,1.0,1.0,0.9879432624113476,0.98,0.4651162790697674,0.875,0.5714285714285714,100000
random_forest,60/40,0.4,60053,40036,0.9962034169247675,0.8440740449899103,0.9960586897995648,0.8912955510989117,0.8187516708239818,9.05,0.44,90696,0.9989815175388672,0.2580645161290322,0.9994972347913524,0.9625,0.992553983618764,0.9753086419753086,0.9523809523809524,1.0,1.0,0.9285714285714286,0.9801559177888024,0.88,0.4782608695652174,0.375,0.5,0.9980995136550692,0.3137254901960784,0.9994972347913524,0.9808917197452228,0.994961746594514,0.9753086419753086,0.9696969696969696,1.0,1.0,0.9629629629629628,0.984341637010676,0.9361702127659576,0.5,0.5454545454545454,0.5,100000
hist_gb,60/40,0.4,60053,40036,0.9746727944849636,0.5045386465299727,0.9804985383128768,0.4677769140820832,0.6321008258659986,5.35,0.43,92220,0.9801395920079082,0.2903225806451613,0.9572649572649572,0.8125,0.9769173492181684,0.1111111111111111,0.8214285714285714,0.9891304347826086,0.0,0.0714285714285714,0.988660524450744,0.9,0.782608695652174,0.75,0.05,0.988086789774872,0.2465753424657534,0.9776636713735558,0.7926829268292683,0.9872084273890144,0.1111111111111111,0.4615384615384615,0.801762114537445,0.0,0.0163934426229508,0.9707724425887264,0.8035714285714286,0.2686567164179104,0.1224489795918367,0.0196078431372549,100000
catboost,60/40,0.4,60053,40036,0.9972274952542712,0.8758491586120839,0.9971630015862866,0.8868837873317658,0.8731206102614834,191.36,0.28,145525,0.9988616960728516,0.4838709677419355,0.9994972347913524,0.95625,0.996276991809382,0.9876543209876544,0.9642857142857144,1.0,1.0,0.8571428571428571,0.9936215450035436,0.98,0.3043478260869565,0.875,0.7,0.9987569826127328,0.5263157894736842,0.9992460417190248,0.9714285714285714,0.9973909802459932,0.975609756097561,0.9759036144578314,0.9945945945945946,1.0,0.9230769230769232,0.9897635015884222,0.98989898989899,0.3888888888888889,0.8235294117647058,0.5833333333333334,100000
adaboost,60/40,0.4,60053,40036,0.8895244280147867,0.1156541174838946,0.8486303010222572,0.1273289915968113,0.126876258492667,26.22,1.21,33005,0.9942785249977534,0.0,0.0095525389643036,0.0,0.8886820551005212,0.0,0.0,0.0,0.0,0.0,0.0106307583274273,0.0,0.0,0.0,0.0,0.9562248822436368,0.0,0.0184287099903006,0.0,0.7410742005588327,0.0,0.0,0.0,0.0,0.0,0.0190839694656488,0.0,0.0,0.0,0.0,100000
mlp,60/40,0.4,60053,40036,0.9802677590168848,0.6910989509143677,0.9796691695380666,0.7455107681336303,0.6736523150177209,21.43,0.07,542275,0.9877482550999012,0.1290322580645161,0.9824032176973352,0.925,0.9467609828741624,0.9629629629629628,0.8928571428571429,0.9782608695652174,1.0,0.5,0.9397590361445785,0.86,0.0,0.0,0.0,0.9883848148314676,0.2162162162162162,0.9888663967611336,0.9426751592356688,0.9579958560934264,0.9230769230769232,0.9036144578313252,0.9836065573770492,1.0,0.6666666666666666,0.8706500328299409,0.9247311827956988,0.0,0.0,0.0,100000
linear_svm,60/40,0.4,60053,40036,0.9656059546408232,0.523869320767744,0.9647550330448234,0.5639214204604203,0.5209723476790584,358.83,0.08,471716,0.981188029835545,0.0,0.8944193061840121,0.8,0.9013402829486225,0.8518518518518519,0.7738095238095238,0.6739130434782609,0.75,0.2142857142857142,0.973777462792346,0.0,0.0,0.0,0.0,0.979779246806856,0.0,0.9400264200792602,0.8677966101694915,0.945518453427065,0.8313253012048193,0.8552631578947368,0.7898089171974523,0.5,0.3333333333333333,0.8151883714031445,0.0,0.0,0.0,0.0,100000
logistic,60/40,0.4,60053,40036,0.9701268858027776,0.583487851072885,0.9695880436725336,0.6090285091004906,0.5707580604912502,7.08,0.07,606266,0.9799299044423808,0.0,0.963298139768728,0.8625,0.9184661206254654,0.8888888888888888,0.7857142857142857,0.6739130434782609,1.0,0.5,0.988660524450744,0.0,0.0,0.0,0.0,0.9823871229297736,0.0,0.9770525242223356,0.913907284768212,0.9521420301042068,0.8571428571428571,0.8461538461538461,0.8,1.0,0.6086956521739131,0.8148364485981309,0.0,0.0,0.0,0.0,100000
knn,60/40,0.4,60053,40036,0.983589769207713,0.7091944095472347,0.9830422651613068,0.7663168402868548,0.680339539523382,0.29,9.94,4028,0.9929904442380852,0.2580645161290322,0.9844142785319256,0.90625,0.9821295606850337,0.9506172839506172,0.8452380952380952,0.9782608695652174,1.0,0.0714285714285714,0.8398299078667611,0.86,0.2608695652173913,0.125,0.15,0.991105197853288,0.3265306122448979,0.9898887765419616,0.9177215189873418,0.9821295606850337,0.9390243902439024,0.8987341772151899,0.9836065573770492,1.0,0.1176470588235294,0.8503767491926802,0.9247311827956988,0.3428571428571428,0.1666666666666666,0.2068965517241379,100000
svm,60/40,0.4,60053,40036,0.9634079328604256,0.4722944546431308,0.9614222040831764,0.4967961963862477,0.4646157997808187,41.83,39.73,1007,0.980169547374412,0.0,0.9034690799396682,0.8,0.9002233804914371,0.9135802469135802,0.4880952380952381,0.0,1.0,0.0,0.9836995038979448,0.0,0.0,0.0,0.0,0.9788207843489186,0.0,0.9425649095200628,0.8707482993197279,0.9421390999415546,0.8862275449101796,0.656,0.0,1.0,0.0,0.8079161816065192,0.0,0.0,0.0,0.0,100000
naive_bayes,80/20,0.2,2059247,514812,0.7138625362268168,0.4401727415522696,0.8140951412970951,0.425738572917922,0.7879918245060065,11.09,4.15,124171,0.6693037643230713,1.0,0.94828731008085,0.9416342412451362,0.9326005206826729,0.6347992351816444,0.6074418604651163,0.9924178601516428,0.5,0.7142857142857143,0.9835388680907288,0.922360248447205,0.0578231292517006,1.0,0.9153846153846154,0.8017548555464477,0.0073865568443722,0.918337241848854,0.2892358258011503,0.8984505629249805,0.2492024770125727,0.1035685963521015,0.8217649110568539,0.6666666666666666,0.0039077764751856,0.976763258611263,0.5245033112582781,0.0067945643485211,0.0186046511627906,0.3156498673740053,full
lda,80/20,0.2,2059247,514812,0.9069427286077248,0.3904541480401935,0.9164952796410092,0.3591638539985923,0.5780613464725206,29.12,1.02,504398,0.9369773228221832,0.0127877237851662,0.569308284185447,0.7689688715953308,0.7971073184842349,0.731357552581262,0.3283720930232558,0.6276326874473462,1.0,0.1428571428571428,0.9866218894516626,0.908385093167702,0.8605442176870748,0.0,0.0,0.950822305099638,0.0121212121212121,0.660638611281075,0.667652027027027,0.8624186279419128,0.5086436170212766,0.371383482377696,0.3144123232749525,0.2352941176470588,0.0952380952380952,0.7517670994399815,0.3450309643173105,0.0813897378156667,0.0,0.0,full
qda,80/20,0.2,2059247,514812,0.5487576047178387,0.2996335138733464,0.6613119622037128,0.2994622910697782,0.6087392187009736,11.42,8.22,62625,0.5011928619143048,0.2071611253196931,0.6241065500136703,0.2295719844357976,0.8723170378941278,0.7887189292543021,0.5479069767441861,0.3277169334456613,1.0,0.2857142857142857,0.9855208103941864,0.9891304347826086,0.0374149659863945,0.75,0.9846153846153848,0.6674643224678561,0.004452139500371,0.6786002463158789,0.273306311522872,0.8123922413793103,0.3589297367848597,0.1804257926175524,0.0378976082614837,1.0,0.0025078369905956,0.3847856927905077,0.0812914752424706,0.0046908315565031,0.0001396518015082,0.0076188208684265,full
sgd,80/20,0.2,2059247,514812,0.9601349618890004,0.3958743212206621,0.9590199198854498,0.4670463082374071,0.3739753234331593,53.51,0.47,1098880,0.978393488486846,0.0,0.8804436980041401,0.6133268482490273,0.8938964420017356,0.6902485659655831,0.3488372093023256,0.2207245155855096,0.0,0.0,0.9837590839022242,0.0,0.0,0.0,0.0,0.9766249939012632,0.0,0.9312567132116004,0.7112239142695995,0.9393704497438936,0.7173373075012419,0.5057316250842886,0.3512064343163539,0.0,0.0,0.8053633802816902,0.0,0.0,0.0,0.0,full
decision_tree,80/20,0.2,2059247,514812,0.998189630389346,0.8647930150731603,0.9981891269414752,0.8920127956503311,0.8523977149141936,195.33,0.41,1243773,0.9992644988001554,0.8184143222506394,0.999648478693903,0.9961089494163424,0.9978594156783338,0.98565965583174,0.9888372093023255,0.9974726200505476,0.5,0.5714285714285714,0.9849702708654482,0.998447204968944,0.7517006802721088,0.75,0.4461538461538462,0.9991342696563842,0.8322496749024707,0.999648478693903,0.9951409135082604,0.9980326351116768,0.98565965583174,0.9888372093023255,0.998734711092366,0.6666666666666666,0.6666666666666666,0.987443772939261,0.9992229992229992,0.7517006802721088,0.6666666666666666,0.4360902255639097,full
lightgbm,80/20,0.2,2059247,514812,0.9052644460502086,0.2370316722938454,0.9125144833112768,0.2866693615705104,0.2396474646731506,221.89,18.45,27900,0.9470578788238498,0.0,0.99195406788267,0.2918287937743191,0.5106450679780156,0.0,0.0,0.0,0.0,0.0,0.8532261616384056,0.0,0.0,0.0,0.0,0.9653222936585134,0.0,0.5577835368532021,0.4477611940298507,0.6734701663360293,0.0,0.0,0.0,0.0,0.0,0.911137893530086,0.0,0.0,0.0,0.0,full
xgboost,80/20,0.2,2059247,514812,0.9968940117945968,0.7336412278249774,0.996897487815436,0.7255377075572056,0.7730285682789977,505.74,6.58,78195,0.9980076296611806,0.6956521739130435,0.998398625161114,0.9907587548638132,0.9942724905987852,0.9703632887189292,0.9051162790697674,0.991575400168492,1.0,0.0,0.997302356309183,0.9829192546583853,0.8095238095238095,0.0,0.2615384615384615,0.9983875680917772,0.7401360544217687,0.9971328821361004,0.9842957236047356,0.9952081071299312,0.9625414888572784,0.8976014760147601,0.9812421842434348,0.4444444444444444,0.0,0.9912177505403408,0.9760986892829608,0.7093889716840537,0.0,0.3269230769230769,full
random_forest,80/20,0.2,2059247,514812,0.9983314297258028,0.8929225356792667,0.9983069884645122,0.9187429455871146,0.873898078747897,451.19,4.92,104681,0.9993622552887425,0.7442455242966752,0.999648478693903,0.9946498054474708,0.9966444894417124,0.991395793499044,0.9916279069767442,0.9983150800336984,1.0,0.7142857142857143,0.9897049108125964,0.9953416149068324,0.8163265306122449,0.5,0.3769230769230769,0.999190157151401,0.8174157303370787,0.9997265731807352,0.9953760038938916,0.9973080151677424,0.991395793499044,0.993013507219376,0.9987357774968394,1.0,0.8333333333333334,0.9899501638260966,0.9976653696498056,0.7868852459016393,0.5714285714285714,0.4224137931034483,full
hist_gb,80/20,0.2,2059247,514812,0.9883530298439042,0.6816564119604756,0.992670227879584,0.6810936690141101,0.691210813593644,68.08,4.0,128698,0.9880923286759348,0.6342710997442456,0.9981252197008164,0.9815175097276264,0.9949667341625688,0.9397705544933078,0.8716279069767442,0.995787700084246,0.0,0.0,0.997302356309183,0.9968944099378882,0.5544217687074829,0.0,0.4153846153846154,0.9933511089479824,0.7359050445103857,0.9989445704010632,0.980801944106926,0.9967832613672588,0.944738106679481,0.8704133766836971,0.9858215179316095,0.0,0.0,0.9935554641436994,0.894773519163763,0.5611015490533563,0.0,0.2686567164179104,full
mlp,80/20,0.2,2059247,514812,0.996975594974476,0.7193595570661184,0.9965280432114464,0.905260008507915,0.6981668507966745,534.52,1.05,490976,0.9989246786255438,0.3785166240409207,0.999296957387806,0.9810311284046692,0.9922765403529072,0.9751434034416826,0.987906976744186,0.983150800336984,1.0,0.1428571428571428,0.998788813036776,0.9409937888198758,0.0782312925170068,0.0,0.0153846153846153,0.998253195883962,0.5431192660550459,0.9989653085527984,0.9810311284046692,0.99535733975568,0.927694406548431,0.9774505292222734,0.9894022891055532,1.0,0.25,0.9940549573984274,0.961904761904762,0.1428571428571428,0.0,0.0303030303030303,full
logistic,80/20,0.2,2059247,514812,0.9785688756283848,0.6414507473814849,0.9786694817928744,0.7335910055035705,0.6238239252541077,534.81,0.64,801204,0.9837119069730634,0.0153452685421994,0.979767995937976,0.8672178988326849,0.9435059299971074,0.8565965583173997,0.8995348837209303,0.97893850042123,0.5,0.4285714285714285,0.9926778242677824,0.9114906832298136,0.0,0.0,0.0,0.9872978904570072,0.0301507537688442,0.9879484856839036,0.9185986604842864,0.9696041855556712,0.8472813238770686,0.9062792877225868,0.9707602339181286,0.6666666666666666,0.5454545454545454,0.8426488456865128,0.9490703314470492,0.0,0.0,0.0,full
decision_tree,60/40,0.4,1544435,1029624,0.998199342672665,0.8637678367230407,0.9981994273673931,0.9045953660407512,0.841289153644315,140.93,0.78,1318848,0.9992295866650994,0.8258642765685019,0.9997851814240518,0.9936785801118405,0.9979461961238068,0.9832615973218556,0.9911627906976744,0.999157184997893,0.5,0.5,0.9855483373706232,1.0,0.7551020408163265,0.625,0.46360153256704983,0.9991330777949223,0.8221797323135756,0.9997754191362425,0.994403892944039,0.9982493959692704,0.9844385922911181,0.989322191272052,0.9987363100252739,0.6666666666666666,0.6363636363636364,0.9872876682108979,0.9992242048099301,0.7583262169086251,0.6666666666666666,0.455743879472693,full
